"V1","V2","V3","V4","V5","V6","time"
37.4513940102423,-19.7204579413598,10.626138557791,9.4697295252091,30.1034403483567,41.3774971412653,1
35.5580682166788,-17.8419384939992,10.1612554365279,8.75887606217601,33.9710170596227,37.1642175171126,2
34.3768964127629,-16.4429516325296,8.94113912211905,12.2233191435802,38.2660406565356,31.760206630487,3
32.9871305115142,-14.6676100506075,5.48175873467888,9.77562029891076,41.6997483569875,26.5660815097068,4
31.9238543940094,-11.488176280585,7.95901709475895,9.25351476226152,41.5915361182265,21.8395801131838,5
24.9757561893196,-10.1279858616696,14.6985612557589,10.5961305230284,39.9055347046422,18.3788590705459,6
17.4858145360889,-6.53411973398924,13.1270839282293,11.926458941695,36.6585652527953,12.6807561934702,7
9.08821712384421,-4.76794728648493,8.05027455487609,11.7069179692019,34.6467659383244,4.62335434126125,8
-0.307745923810795,-4.5030767039502,6.50842335187109,10.109210333496,32.5749808796829,-3.69687492080706,9
-6.20377686538197,-1.13411843366396,1.39148425342867,12.5363854874092,29.9608772216259,-9.29092117323314,10
-16.0654192231504,2.71429704699268,-1.12066412201191,15.621649551521,25.0979048812432,-13.9019841346551,11
-22.3486927799737,3.72853829088951,-2.31470392987426,16.9936102823419,17.2313576220934,-18.5206256703154,12
-27.0528175140955,3.30867365928525,-0.74779041511967,15.6319458999024,8.58333001775932,-23.1505876003738,13
-28.4916076022957,2.96274705493206,-1.53947353684344,17.9291048351685,1.78394831058944,-28.2771353239329,14
-29.7933343555131,2.57888359736139,-1.70445983230344,15.8269485482202,-5.77480530152895,-31.4316821240454,15
-32.1324483269275,1.71388151086126,-2.09204216872299,14.9039839567524,-12.7673237743071,-32.6639726921485,16
-38.8814324602635,1.52891620728539,-4.11705621319745,14.0982212883649,-19.0715508008656,-31.5523995688526,17
-42.249101631213,3.76613336412231,-10.1770956004735,12.9521452490771,-24.0717667289481,-30.4944528044662,18
-46.4229774927361,7.0622628771386,-3.48164864291867,12.4330428592374,-31.2061670516933,-27.5053235706379,19
-44.8118635727532,7.36805285227251,0.164647979848904,9.88163692983623,-36.5769774708663,-23.4643962916111,20
-40.1835756956146,7.71087475162391,1.03385114306581,10.8917745854705,-43.9280817619735,-21.0766887765836,21
-41.0515712794837,8.42220663490819,5.06650694850919,8.76984964795793,-46.7093899314727,-16.9114301863493,22
-37.8279850690124,6.16531632592635,7.88876366994437,8.17322261377958,-48.4743792897275,-14.1037492680464,23
-35.6984329407779,7.28733324347503,3.8871227027897,10.4805933413687,-49.2138353057847,-9.9733540523762,24
-35.9956832835984,9.03453690868355,2.11431442525573,12.9024467982551,-48.4981079939759,-4.20243921588703,25
-32.9740379181405,8.77160518517846,1.26845242924796,13.6779008991518,-48.7474150882234,2.37312918909598,26
-32.9718586113726,11.1456420141934,1.5328268387393,16.1100500251898,-45.1473996752753,7.93571467981516,27
-31.7971267021026,12.9586345849641,1.80424812645665,19.0888330625912,-44.2514921286323,13.5362888538304,28
-23.9839100927982,13.4206520624516,3.21615021467036,20.4886045230225,-41.6514530129997,16.9233221839382,29
-14.2441684130354,8.31300507627077,2.85762403822902,21.7498064247932,-38.3800846683143,19.0036635516285,30
-4.6878302139798,2.10465688525368,-0.878319016547922,22.8435525016231,-34.0637866497999,20.3195789889991,31
-1.39360240656201,-3.41389342510541,4.74857136446108,26.6846364264067,-29.9339279528275,28.1415933845627,32
-0.502485480734605,-3.55369686335532,7.40663746939177,24.5961550322951,-23.2922923569865,30.488937522144,33
3.75657349456622,-5.93616404779173,4.65143163712002,26.9932310595209,-19.6270345313809,32.3916277834211,34
4.46045573103084,-7.90774495469891,6.93106779596393,23.8326532523473,-14.6815351776475,35.6652127286231,35
7.25441471598282,-9.69460628703477,14.702424039883,19.8862951304042,-7.27149330328995,34.3218131466649,36
10.29938798833,-11.4712235440235,15.9078951823507,15.2991087518109,0.4649178370695,32.735547975289,37
10.6418303720898,-12.5675185998828,14.6210676595567,11.9236185173689,6.21909984726842,31.1344861598124,38
12.2932871017131,-13.9542776944959,13.1021196788485,6.48012409386516,8.68893946310285,31.4125987418483,39
14.639210289448,-15.5786029533608,11.6268059818942,3.67166495706685,12.9041740003246,29.9046918062971,40
14.3423438159875,-18.0324463517675,10.0540418858702,-1.9031452797894,17.1380002298659,26.7770279119676,41
10.4693738692153,-16.711778570449,7.40660655263179,-5.52771176440073,19.6932662075993,25.0325627302506,42
9.62761177063054,-15.7080053250011,8.07628580079991,-9.46607246055627,20.9822084668133,25.3349288331623,43
10.0616927372726,-14.8937525827049,5.41524417533197,-15.7334111097922,21.701413332826,20.6014568499021,44
8.09438340721909,-17.3410418561522,-7.85278190720622,-19.2253112981131,21.1375729854721,19.4109545928024,45
5.20801214874815,-17.4493807458757,-2.9915292641093,-23.1341483144393,19.5308250601705,19.155479012514,46
4.27490792241572,-13.505337879365,-3.88642045921885,-28.6964458051094,19.3809138439771,15.6046200069587,47
3.06432292499474,-13.1258977418189,-1.89246050991938,-31.7198823602412,17.4818173158791,14.8018756672508,48
3.01639223974203,-14.3597903062505,-1.07532006066193,-33.6244086060264,14.7423662427575,10.8110006435885,49
1.45226991808149,-14.3001054809686,3.29857841744456,-35.1221544519846,12.6401420835892,11.1285486725995,50
0.0323598773098969,-15.7463425540891,8.67824717288929,-35.8370969320068,13.0186956776787,10.9803242450669,51
0.0382831444094637,-13.730108760568,14.6469325132319,-39.1273711923449,9.10867906126721,7.70256754944511,52
0.0360482148623061,-13.5602226556406,14.9688206733105,-38.9327587409426,7.27740183691121,6.95400912843218,53
0.811024585404982,-11.2816537673792,19.862216800808,-42.5041631562605,7.71793087604022,6.22581306249583,54
-1.30510525712457,-11.6051833196828,19.2693105683286,-42.7072957852405,10.1277530298747,4.84724804420351,55
-1.47153450637781,-12.3563351410371,19.8017977306908,-40.7622729122726,11.3927305475166,6.11844545315081,56
-0.863308715799061,-12.3524839828809,28.6812898038277,-41.6556469241148,10.6176032168133,6.38341596908497,57
-0.58588001974133,-11.0879767412942,26.8085334523652,-40.4462276223998,12.4561093108837,5.38911239365093,58
0.998738571956424,-12.2320597944439,26.5572929509599,-36.2439200668857,11.8472375829811,3.73849341288713,59
2.53679060032723,-12.3780654741947,23.6185065868597,-34.9608974784629,14.5314657149355,4.24109942074768,60
-1.5828756104443,-6.43382394172915,20.8785522333127,-31.3450513911268,12.9125547619327,3.89341328456831,61
-3.05084223640383,-4.96845664760814,16.4937895451852,-28.2734926579449,17.8785239810637,4.5579364671214,62
-4.63891326754061,-2.51833026721718,18.2525693715796,-30.0247998872533,19.6306227195527,9.26588857101502,63
-7.36072500285911,-4.3756975236787,13.9690422025286,-28.4339483662462,26.0816550663774,14.1183760014031,64
-8.44049886986829,-3.58098336848963,13.199737618971,-26.0387738626993,29.4909367092462,16.7397711029218,65
-9.34653225829227,-5.40612401864316,12.0391610957533,-21.1455636577619,31.7961484938361,22.9534668200079,66
-7.2050843050768,-5.52738058725242,12.0578125584408,-19.0464360944892,34.4082205148272,25.4399414035943,67
-8.81918758651868,-4.57776943374517,10.1130018187498,-18.0908918439311,36.852660369991,25.3281552342768,68
-9.04124109666455,-5.52283554486911,6.37597117022774,-16.2315010936193,40.067139934518,25.2246889113374,69
-7.83231170150809,-9.1286340590127,3.4223682899051,-15.7419833979716,41.573175091314,25.1309975863796,70
-9.42128837215083,-10.40139441001,5.06858057551751,-17.304805943939,39.2984142521963,25.267221867649,71
-9.70714683278255,-9.48870621242598,2.54872962352733,-17.457757183046,38.4499902811013,22.8405684859551,72
-10.9398793666143,-14.190270870836,0.650364663323213,-19.609401183007,37.1065678353624,20.0000235301514,73
-10.6690129432722,-18.9999200021896,-1.52054216106501,-16.7491376981129,33.0690188981629,15.8618353646801,74
-7.37374052406682,-24.7838861448607,-7.23953870576883,-13.2196563091369,27.601724968828,8.95286731361736,75
-3.94350072459246,-26.7974539512081,-7.84662376277112,-13.6510329871994,19.5924793218838,6.26782973295918,76
-2.38942129536467,-33.8094554635231,-9.48979043769911,-16.6649302627418,12.2899249060179,5.79182244940599,77
0.247818770214254,-40.5163429889898,-17.8915250566596,-17.4356594308265,7.86924849431538,-0.765572505520458,78
-2.66237694612472,-44.0653980090603,-21.9382302555703,-18.1976342742837,4.06100126914445,-5.86943770566751,79
-0.491231252705459,-45.5076258977389,-23.2854721906034,-19.6760143322903,-0.513309069212546,-8.09155853301128,80
3.29674521302062,-44.9955238189311,-18.1839961213302,-15.8195969151519,-5.0262239851566,-5.27514660877338,81
3.97323849945469,-45.3697896923785,-18.9767692960553,-15.1166807253914,-7.54289794979662,-5.68923753966657,82
8.92963129117118,-47.9475235062695,-21.0823302750664,-12.5046643160264,-6.2950784147903,-3.82859979125427,83
10.4406032947305,-49.216915004069,-18.7788571944232,-9.23085379592439,-10.9661912127144,-0.0914199213811251,84
11.7575015698925,-47.8508953728336,-15.7342987453105,-7.53530118517333,-14.5034040426482,0.646954314164399,85
12.435916915566,-44.6200924375812,-15.9205440336145,-5.69576794947282,-15.311240297881,4.71228358446081,86
10.5198962747084,-42.6850905122354,-16.8546576437021,-4.44680874869925,-13.3556028069479,8.50400606681695,87
10.9311839565331,-41.8805839155437,-17.824969173184,-1.36900727285068,-9.90796358158255,7.90695311220933,88
11.7079776944998,-37.5302898561385,-12.7791326843694,1.29168101924036,-5.90247791698876,10.8306468069919,89
13.5850522814457,-32.2058894009199,-12.2556542536323,1.77132315692823,-3.54942588567981,9.95519667383874,90
15.8885466762741,-29.9252829920172,-13.3600127591514,3.98126235312587,-1.07101079465762,13.1670578754129,91
17.2835002653598,-31.1389569243182,-8.80895142534918,6.76555886328024,0.581301021529717,14.94737025531,92
17.4643793288581,-31.1570190601889,-11.3927959973885,6.60877080583974,4.68785191430605,11.9784070498101,93
16.0309586317761,-28.4435834206477,-10.6134220559809,4.84117508792041,7.21325386193402,12.3440128395194,94
9.70435960826062,-23.602645231687,-12.9088023899136,1.9024512700454,9.57203985685808,12.6366803127628,95
10.6153498256369,-21.5540826667843,-10.8799448389787,-3.41300398562446,13.3965805092757,9.08574268770656,96
7.03398061540844,-20.3320849652319,-9.95159898116929,-5.87878506746106,15.7255677752282,7.33013978551804,97
6.21799283183794,-21.869639838556,-11.6186153514748,-10.4964845823104,18.2071973922621,4.52260767677696,98
6.48039440405243,-18.581007806912,-7.4722911890901,-15.4491905247208,19.3383182039424,2.82612026527583,99
6.56753155075344,-14.676767226682,-1.44123356238406,-20.11388817267,18.6616778556414,1.23487348058745,100
7.17267665610238,-11.6423889342784,-1.47288126363249,-21.93773615661,17.3488012337863,-1.42774436275561,101
4.56144084981788,-8.91839044283191,2.96395969292734,-22.7469223342092,16.6886863885084,2.70652821831636,102
4.95535489919138,-5.01294255325061,6.1814841098585,-27.3647909510937,11.7746556897208,1.95904992718977,103
4.85174622585896,0.210220851828857,3.20410725431929,-31.3661860115028,10.4140869112606,4.2146332067893,104
6.32525113996261,3.83952477422012,8.44436832773093,-32.5849757187063,7.81747851995426,7.8550283997889,105
11.2825118522117,5.0995895446658,7.56858703541728,-34.0186484976687,5.16105369376122,8.15715550097417,106
16.2592041362904,5.23252714458293,8.95616030726035,-31.6930513822016,3.64683364510657,7.19233414941152,107
15.2321024710028,6.37398109930402,8.03657288728512,-28.486810130117,0.311116997984512,9.4583632672195,108
18.9139763397987,9.96047417451285,5.24274150931259,-25.8932123722106,-0.919310301904365,7.59386226392477,109
20.7757073375953,10.2055251735861,3.95711976235511,-21.168722017834,-0.230285263073861,5.93389947270035,110
23.517639192804,9.88229786229729,-2.66000861805081,-18.3253064405541,-1.48934969671465,6.70259269976273,111
22.1858872028334,6.4340258612722,-8.61468778239265,-13.3339070289429,-1.32031441187792,9.03551190312376,112
20.448999440507,3.68376098608154,-15.9746326334574,-10.5178585411309,-0.523712684136234,7.26226849924826,113
20.1713437210681,0.799557611392851,-19.0909204082822,-5.7396240474134,-1.74803522199135,3.84192305811667,114
20.1264957305364,-0.730829414875525,-19.9682053454448,-1.96596025578189,3.04749097646938,3.85203102877423,115
18.2981527926027,-1.62760320189436,-22.2012497673191,1.59844086079817,4.85336836612631,0.126263199132358,116
16.1903598402519,-2.69994087430655,-21.9140746648544,3.06765703359705,6.3103893671197,-4.81927145351731,117
12.103617736763,-4.3966464608825,-21.4953260098579,7.86125381856862,6.58841734732217,-6.1390279729179,118
10.4564372924044,-8.48490917073453,-20.9552782596277,10.8601425310859,2.62180623986364,-8.77323553860794,119
6.09192246475679,-10.4359215614446,-23.5856920264564,13.9270717586504,1.41498234450121,-11.9127044294645,120
0.664828853885734,-10.3527697735357,-22.6535075715701,17.9796500871149,-3.05034733365367,-16.0279205385206,121
-0.805368975869347,-9.76541171338919,-18.1971880507274,20.5679609415972,-8.60642206587549,-20.2645900670692,122
-3.8470172777077,-8.64756744878288,-16.6721200394817,22.3028680809185,-13.382490729696,-24.1749324914016,123
-5.12826886106609,-8.01590799944366,-14.5159964117397,20.6261547263445,-18.4066558835251,-25.0238253447922,124
-8.56264245860091,-8.11359371485104,-9.201979509774,20.4514178390743,-20.2724102611577,-25.7037714753153,125
-13.9996294825049,-5.4162654820416,-3.97844843766508,15.2782197694736,-25.6295854159271,-28.1951768558723,126
-15.2595620591347,-3.37791293681698,-2.82381171535029,13.9761086576909,-31.6970402371926,-29.9317004746444,127
-17.9567623206282,-3.91544349478998,0.102120357364312,11.333072532784,-37.0965643813383,-30.0549723405862,128
-20.0610946680061,-3.62898670918179,1.54397441100181,9.23303000924454,-43.6431090790101,-26.651626154433,129
-19.4581377296191,-1.91850664587465,1.85657392865165,6.69055412177575,-46.2126160279286,-25.7553971123695,130
-19.5931523664526,1.43164554919456,-0.894946141343741,4.08243951144516,-45.8681568331788,-23.2746115094448,131
-17.6557588088161,1.9582741151733,3.94946328312363,2.05586919051215,-47.0118134987612,-20.2686682426645,132
-17.6049734420976,3.71643062270099,1.59499400173268,-0.946959610004157,-47.3680206641591,-13.7476730468273,133
-17.636244664199,4.80199648842908,-1.10387613043653,-3.1005972478964,-45.3774976478333,-4.27594679503516,134
-16.7212320731214,4.80294618935075,3.30819803732549,-1.69270616187169,-44.3230589946423,6.19465662276635,135
-15.7014294714708,8.19676092174934,8.14395383367346,-0.638977787157321,-38.1403566578438,15.3915125795182,136
-9.72570281238485,10.1751246000872,8.07241813043345,1.49889403061512,-32.8492900090048,23.5704011530174,137
-4.55633860163504,14.0355219489843,3.74605847695477,7.22135914024858,-25.7717787974377,28.0147185406038,138
-3.44128977395984,18.1731240586636,3.01812691327272,9.57288388569954,-23.4645096828388,33.8094855517962,139
1.12199264834782,22.4573141170115,8.2526522538342,11.7370123351808,-18.7045633487837,39.7526659116678,140
6.91395295840366,26.5792568823462,6.36713491829934,14.6564657525546,-11.3876093812765,44.9944144604829,141
7.34265684655746,28.3339526409664,11.3619868485541,15.4945983057987,-7.29316578092024,50.0133465574584,142
8.07505963576349,28.7465536380011,14.7081577873698,16.2856930825705,-2.17367023109829,54.5277892560127,143
9.36884852830177,31.5514934565076,13.3948036583887,18.2376370038519,5.70669191253033,57.2218830610783,144
7.48898046695346,33.2491499154532,17.7296959051566,16.051037383862,13.2634038975902,52.1576344265098,145
9.04279447382777,34.988364961978,14.3083616098882,18.2805981267437,18.0144779494284,48.0470874282531,146
8.47995768734831,36.8980672706668,15.393865989538,19.5856994915213,25.0244705661911,42.7074036419672,147
8.56339043491102,39.0793885112235,13.3913524302373,21.7624314228816,26.0075702841157,31.7123543879085,148
6.36068469265163,42.2810895375341,15.9646083422895,19.1961501369191,24.6449694865095,25.6685414913878,149
6.26938394839311,41.4875794421039,19.056380646658,13.2631924355823,24.4817196955585,20.6491677617211,150
3.7511348139495,40.905529929866,21.8530651744669,11.4980792562273,24.6756069710093,14.0183515205155,151
-3.55815968077564,40.1272199802946,21.4763472352401,11.6862690290625,22.003023676421,8.47161970547567,152
-14.551956707691,36.8748921320972,17.6528861435311,10.6169354005188,19.0975591327606,-2.05497942150905,153
-17.6975736440357,32.7653194489112,10.9461746543794,10.4181151495142,17.4289982931652,-9.42168898627211,154
-19.5204633290893,30.900821934476,9.68503426094038,8.17566737597384,17.5689775661537,-15.3560045272284,155
-22.6354097139208,29.0805925849369,6.89798773259851,6.24134726622061,13.176806057135,-21.0854688664955,156
-26.1198334575921,27.153442230874,1.07996948562543,6.58617026174864,8.27278226467843,-24.653251832272,157
-30.8384654766999,22.3670403673977,2.7246594733852,5.82734983530754,6.27620426674129,-25.3027136591421,158
-32.1400749383578,18.3834153396682,0.662681447439636,2.32342806980344,2.50133239154454,-25.5703124442869,159
-31.4278662789935,11.744845848318,0.762724931558643,-0.18975370505269,-0.310509271352478,-20.742808445941,160
-34.0348744457291,2.68493592137946,-0.371451761788706,-0.577519999705481,-3.59367037906749,-20.0799903631819,161
-37.0989987667694,-5.96845134980008,-0.702536665863405,0.216461727424388,-6.87212822705107,-18.2815967013979,162
-36.930608418616,-16.5366651331818,1.88641469209085,0.974957580653941,-10.0986185231,-15.9765309275717,163
-36.0908047417998,-23.9053996929508,0.828678027598864,-2.22347890866439,-10.3888525235099,-16.6220974330437,164
-28.8395724421339,-27.6672364405766,7.74001098596659,-4.84210098237207,-10.628159782185,-12.2632731432325,165
-25.6294537323859,-28.4013016698511,16.7609183910906,-7.0361498273615,-10.0097252210889,-9.02860028356714,166
-21.9027992569159,-31.0710109922521,17.6029113220143,-8.7324636465543,-14.3429872472474,-9.07118237340966,167
-16.8252021969942,-34.4625956296805,18.9967291887679,-9.94786299846269,-14.083164954551,-7.10202527490269,168
-12.8984688167398,-35.6935941730078,24.1531310066086,-15.4779296313332,-13.6142138777915,-4.10363723189385,169
-8.48993384959923,-37.2846361579414,28.1212433266953,-21.7713791607436,-11.1764343588982,-1.74915620853414,170
-8.7032428200797,-34.1787038587394,27.4608290102866,-21.8127705771626,-10.7485952489769,0.913048636449417,171
-11.9002177001915,-31.268405826569,25.6459866421478,-24.4538140436797,-10.154187040421,0.750872315778341,172
-10.3034177253812,-23.0680804787541,30.4465443841618,-26.9212879267579,-6.85682476933252,1.62497325764731,173
-7.9748059092851,-14.4988616226567,41.1072168536476,-27.2002373619454,-4.18221176794505,5.80180891897137,174
-8.50851480068834,-5.19724589115696,41.8563101388661,-29.3858504261063,0.912442152424233,9.94541603166658,175
-7.32258716883045,2.47651207854822,43.201857010067,-27.962173318868,1.65761215439652,14.7182592206413,176
-11.1023316170359,8.55494216406224,37.2500187335954,-27.441008819517,4.77071903064516,14.1529617551046,177
-15.879069161294,13.5019944057707,31.9487328610737,-26.1067444734416,5.53886770957726,13.2183446659448,178
-18.9399079679877,19.6529899880882,28.4508065600233,-26.1219479844843,10.0387186814708,15.1591942489221,179
-20.3982944657483,24.3131272079209,27.0036231392629,-27.3736877271266,12.3240981479345,15.4236801086923,180
-21.9837699907147,28.8800815837752,21.7906590769375,-24.0038711523649,13.260448535518,11.380070421857,181
-22.2561988750978,31.2088469875108,12.8957908070569,-17.3637670915188,12.6849149296328,9.11948814809998,182
-20.2368762552923,31.9591236244822,9.39954269232552,-16.5040988001229,12.4169608288615,4.66059872145324,183
-20.9584301312767,35.0787466874651,8.63153728945045,-12.2881014101954,13.5730115100454,3.21672460680737,184
-24.7571677367259,37.7715619097799,9.17840831209342,-12.5651374761702,13.6770115224367,2.68393774460284,185
-25.9746242456665,39.7605348235504,-2.1150767842492,-9.66343569395274,13.0927829486085,-1.88969136687481,186
-25.9951939602524,41.4750512136088,-3.84127443057704,-8.74772694959102,11.1058875293292,-4.46098662916174,187
-26.4398890587463,45.0439491688672,-4.30103893408319,-12.377626542031,12.0004602933591,-8.9479109693144,188
-26.9767946654997,48.1934790385571,-7.54883865833468,-11.7207477068982,8.48698037050319,-11.2365202910002,189
-24.8055731564859,51.0848633109722,-9.30301615037726,-13.3272745765853,7.51298324719393,-12.5874415817931,190
-22.0378356428245,53.2412272182035,-8.40098359031116,-12.7251100001304,6.62614664877982,-13.6314475453974,191
-22.8191348264707,54.4795384348841,-10.7550317253232,-11.9201133698574,2.0106727101308,-13.7437115974623,192
-25.5065637042097,54.2869831772821,-12.2535600723678,-12.6796793822129,-3.49142182158184,-12.9832353438924,193
-25.5841315910565,53.8492953757612,-14.1782487500724,-10.2440145015991,-6.36634584940587,-14.4088881507514,194
-25.6078548664159,53.5862154529462,-8.31075755335251,-8.37334982140495,-10.0843383419927,-11.7872869920337,195
-22.5626266918877,51.2400579851777,-7.18413207693901,-10.8114482448915,-12.982706034633,-14.3727491994214,196
-16.2378977008428,46.5211566765533,-16.7917513298133,-7.98088210484763,-16.4987699103607,-17.1223721366046,197
-14.8601108039354,41.9668718508118,-12.4074900525047,-6.57843154224603,-18.7868328307955,-19.1230265429015,198
-14.495583706902,35.2538292114812,-10.4694391828871,-5.28045401043919,-21.8443318284517,-22.448095088794,199
-13.7951232967273,26.350442721874,-11.0408311873258,0.581257436570288,-22.6355708544653,-22.6418924377277,200
-10.6043825358611,18.2262105220074,-4.85263817507994,2.95962546895806,-20.5610897610709,-20.9910383471386,201
-8.52204766742414,9.9574571671612,-5.58018623380415,9.48063249601515,-20.9031772606973,-19.1626686356315,202
-8.78264093905297,4.24394623308225,-1.33043017252279,12.1654128560943,-22.2927104089021,-18.4683716090843,203
-6.1383297096605,0.735811149778618,2.43704241103035,15.4100574150454,-21.1078616921905,-19.6671019988157,204
-4.76281486545768,-6.03679189710724,6.32646330127828,19.5332850948518,-20.8878341991751,-19.0112327224455,205
-6.02547185716694,-9.78245625749131,12.3948853065976,20.9345578679943,-18.0951261117375,-17.2134160427199,206
-5.03890040295405,-9.99332511667312,8.05376626219221,20.1517023743019,-16.3415904521305,-19.2043841326194,207
-4.62453962769501,-11.1065317422318,9.19094277873735,24.9561077156597,-14.4954538858212,-17.3338486647885,208
-6.65610461189022,-10.5057796450202,9.23601818068524,27.6447521448412,-10.7396280164076,-14.0786353329035,209
-3.42813960134429,-9.23980489408214,6.5209597917519,29.1857880998649,-7.8717286862908,-9.58341798365231,210
0.67766759437553,-8.78461767173243,-1.78456259008781,32.8309963768112,0.542878538305418,-6.2226268019397,211
7.15712144336309,-5.30036190401147,-2.17145970100695,33.5806973199745,4.45619234208979,-3.03526926841504,212
14.1205734039045,-2.94467867997418,-2.40791472632519,33.0394842749326,7.29061188661541,0.502771719669799,213
19.1992088298544,0.479713420390182,-0.952232927045108,30.4908101444574,10.7804522170374,2.0970263667636,214
23.9154679288601,2.09912213962788,-6.21467761829099,29.7537778105714,13.6734643309348,5.06036135481718,215
24.9110894338366,2.57587078632964,-3.85980754603545,27.2988934907122,18.3141380288827,8.32843128999366,216
27.0467405539062,10.021114886985,-8.075141791912,23.0844610008233,20.3208132503574,7.17218835693653,217
30.1548868741087,13.8728425006435,-13.7935044544252,22.3896458566511,21.6173058541574,8.06983970404664,218
28.5651181505775,13.5164107287546,-14.3590318594404,22.2858220675723,23.3911392958544,11.3347926512079,219
28.6842597196018,17.0877361627141,-14.2140710416866,18.812350042443,23.9604235935224,12.3342400703363,220
28.9258063043817,21.4731206102579,-5.76242958924046,17.850543985887,23.1507952237723,11.6560183279556,221
26.9529122809128,24.1398173062126,-4.56854388705035,14.614096251813,23.1811876319296,9.63481472584046,222
26.9825872124584,27.0703121155903,-6.11283115646004,12.0669438842526,20.5529544395968,7.69552520644618,223
20.6606104653405,28.0969597486994,-7.39565510586869,8.41495212613252,18.6244749229038,6.24700587220709,224
15.4547842294748,30.7846504085314,-8.05647440421017,7.21130278363772,16.1795754073343,1.6268515594094,225
11.0391231428635,29.1104738955473,-9.94074331319534,4.4888259380541,16.134396350702,0.359480585191522,226
7.52627519131544,28.5762267989617,-5.3201797918334,2.68230351455068,15.9349290719149,-2.4704702777246,227
4.61208033774441,28.8678536315603,-10.6811381823115,2.96400836090242,13.9648825999552,-3.74939449354854,228
2.91847391220098,29.0967338376298,-9.20482455653431,3.97332016396987,7.68682733475289,-5.91499620069582,229
0.649006133711041,27.5633496786041,-9.78931752586433,3.5343290379945,3.85315225218346,-7.84501070658846,230
-0.243681480198438,28.4109618832202,-7.17236359000286,4.99214103122619,1.07515777474707,-11.2895777575224,231
-3.15990227444868,29.1949571034961,-6.59916557722565,5.48080203449783,-1.46897481102828,-13.0842374835097,232
-6.45903406772425,27.7335231531936,-12.4140807863407,3.53502383896859,-5.29326524826223,-15.2552368295029,233
-12.8083207893868,27.0360797570676,-15.61976902362,4.21414577795229,-6.1496920801782,-16.3500864232359,234
-17.9746642106625,28.0147391184215,-13.5864871248897,3.95833598651145,-9.58846023196641,-15.6340663610153,235
-20.9672388369224,30.6916426145956,-16.3754572279384,5.39249070337645,-12.4965384602665,-16.2251306726594,236
-23.2231687684365,32.4570040121523,-22.6476729101974,7.87387043198647,-14.7935136241045,-15.8354106940473,237
-25.1329676241679,35.6829682632637,-25.2546839471857,10.7072134372398,-17.0878181492437,-17.0057948342772,238
-28.4061210450141,36.3947537077366,-34.8574768950042,15.7025241523954,-19.4699277318417,-17.4069944363453,239
-30.7262721765975,35.5797361840118,-35.465385181523,15.4988914699814,-23.7362130519827,-17.9758952179881,240
-33.8773673973912,35.0204602914451,-34.3825384247061,17.7221110769075,-27.3850907653773,-20.0738320702759,241
-32.6137258901993,33.3599645914778,-32.5634384415935,19.6187420920962,-31.7229767929407,-23.0785150340395,242
-32.7557555600196,33.2524048197266,-33.0681331221411,20.3793837477979,-35.2370690604696,-25.8094880898748,243
-32.6118582740189,28.8900043168032,-33.8164428038774,21.4614547095957,-41.0888798584849,-26.3590014067521,244
-30.5364664368552,27.4467911811965,-33.2780304540718,25.8242789011739,-42.3384962532438,-24.6176112057148,245
-23.1938725236582,24.6572877155637,-34.1919440056533,26.5466128594025,-46.8106859947457,-21.8727583813911,246
-21.9130345550941,21.4376551433118,-37.4828054963322,26.7589803566276,-50.5465241273513,-19.452343539534,247
-19.3218057964327,15.001528345111,-37.0943940052304,32.3625803538978,-52.2009951327999,-16.1769405617611,248
-14.9152449862487,10.2264349531604,-32.5612404318354,32.4286069422232,-52.0195641341727,-12.031723063727,249
-10.1420846138241,6.54095872316427,-23.0718127435662,32.5732077435205,-53.3322191656095,-7.9035303764529,250
-4.55473468565528,3.39445488728726,-10.5365350113516,30.5076793202196,-52.843061611126,-3.80392063620762,251
1.11329474533234,-0.227018374190955,-6.3278166043601,33.914176208581,-49.0513667343432,0.808113029852172,252
2.46046655861712,-4.71857905851483,-5.51278278553476,34.0854342327813,-40.1881589903125,7.83515134944721,253
2.34192281866739,-6.81128704743465,-2.01128498061914,35.1526012898856,-29.4379377874555,12.0648300737402,254
4.51807673507614,-9.66708884339803,-0.993862495140012,35.2925951410441,-24.4575403470929,20.6010514152004,255
4.88063950313796,-9.5444586836265,4.39777649720222,34.3560629065518,-15.0854491010201,24.9590336718632,256
5.84654982398035,-9.08100776100341,10.5971165700445,31.9385719769118,-8.76571489937788,26.7114773601109,257
6.01270852163522,-8.89637301747261,17.185355585679,31.4560188935217,-1.27436855541413,30.3791962686908,258
10.3421669110075,-9.32749140514727,28.0569612472668,30.5196472188037,3.35939132863422,29.9617397084094,259
15.8427804591995,-9.86491920932427,40.7744428251247,26.6342523373912,6.09436985818137,31.7179159283429,260
17.9571921530789,-10.8966605824668,47.6882562016541,27.0789962599984,9.49234807776937,31.1169286771497,261
15.5597388398036,-11.6616454845491,47.669444589265,21.9132253417666,12.8156994041663,29.7861440534293,262
14.251879302508,-9.4127510350099,46.8815094956076,17.3488143234468,17.7495946572424,26.4599955701315,263
15.1360048879158,-6.55683273118493,48.9420862516115,14.0712876571337,22.1689208683592,24.2450176712126,264
13.2927057595257,-2.47555745897057,44.659497822315,9.9117591404525,23.174525837863,17.6019761315015,265
13.4184502832571,-1.43456848838291,42.3201171698085,5.82636895453753,23.8583650277235,13.8458691374974,266
12.6366530537453,1.18973414151782,47.3156427177537,-2.0906119454794,26.4247379715406,9.45747252461139,267
16.3175976478515,4.44632717186917,47.4676673998422,-7.35153791103465,24.5033112468727,7.04317914988783,268
15.6054315373847,5.99059095067514,45.3142217226252,-11.6593072932037,24.1452025124786,7.16936815132061,269
16.9667462861912,11.3850519451934,41.7505397024827,-15.2991786861941,21.1139499208786,3.22583139976242,270
17.654680811344,17.8046154423262,36.4678735671475,-17.3278744002201,19.7076706034611,3.94466744543994,271
16.5050367653644,24.2631611196132,25.2588379061315,-19.0396926835274,21.4542341057826,-0.308483513978646,272
12.4563169616199,28.8579641457091,18.1077508873811,-26.1240735571507,23.7074782060153,-2.86506002231887,273
12.6557536478956,35.3807853814603,18.137871770325,-26.638487845295,22.7295066936764,-5.75281579230861,274
13.9557992527886,39.3241082125649,15.1610842852358,-26.0651545438203,19.2575809707217,-5.66921383500579,275
14.6313294451172,42.2553078590351,16.3940085901843,-31.1897610874463,15.3669389264928,-9.25302249729071,276
16.9630211511148,43.8992898836197,19.1577220432464,-34.5085518039656,9.10879307636782,-13.0158520293467,277
15.7313642074881,44.5075871697129,17.8597856870068,-38.462570392847,6.99263986990234,-11.0000332960791,278
16.0439357777185,45.8368714804161,11.9667005433126,-36.3928429900106,4.50903718074763,-11.9899252658965,279
15.2260871534797,45.0327992518453,7.57255025209616,-35.5852358301394,6.11393155324754,-10.7876545265361,280
14.5176950732634,45.1916559281452,3.56013765415741,-33.0741059525341,4.16216414366136,-12.5199332954623,281
11.3989675525045,44.738310751967,1.3960137389899,-33.9543120554022,5.7003341553151,-13.506872605185,282
9.84251535124449,39.7153621351818,1.05931008986293,-33.635962998764,7.88392330630386,-15.8057386359886,283
10.8573647059029,38.319526349255,1.45416076913746,-33.536614586575,5.38443628085165,-15.2140827120053,284
13.6653033092671,36.2307543830193,2.92552113936624,-31.6643989876718,2.51654707687985,-13.2691906695968,285
18.2313227020733,32.8918030494787,2.57975409649257,-28.7040094822248,2.85356973800499,-12.3740795561341,286
19.3945568996065,29.7387685526752,-0.982024173414338,-27.819089544583,2.15871377288658,-13.6035903638205,287
19.3618344855031,26.9056589022952,-6.50666444448853,-24.5013609197695,3.81317269464802,-11.9292553057185,288
17.6537326913661,27.1753017729462,-9.9536641788964,-18.6068667950029,3.24412061411593,-12.09085316468,289
18.7340741766385,26.3200919533882,-13.0949210447308,-14.638711669104,1.41527504357452,-12.9635966787748,290
18.5940932394749,23.3535458090537,-7.80480696549906,-13.817421536178,3.84339296551869,-9.837576302462,291
18.9587981609408,22.9483730613472,-5.18401900525562,-12.5189382990634,2.87023948016205,-12.359393283551,292
21.7955030908526,19.9980802001101,-1.53050111936494,-13.2345559819404,2.84235015728687,-12.5198482231603,293
25.478180059319,15.3017346745221,4.45174406608248,-9.14161850836663,1.69692662163297,-12.5603656776113,294
28.3871904377018,12.0147750042988,5.10755718240202,-8.08780630107957,3.12154742859193,-12.7564779323496,295
28.7301192065877,9.76983049216164,11.1040451939812,-6.81342943112053,5.61810837759753,-12.4560066069174,296
28.4368044098509,8.83343733863772,15.8146127203538,-5.87506097132639,7.02189667632035,-10.8073723443313,297
25.4947798542087,7.03682387711732,19.1505048543771,-5.87238444202733,8.21820735626382,-10.5568773706539,298
20.7550110893491,6.2609816248007,19.6707264506569,-6.24531977990767,11.5092535837572,-10.0832702271938,299
18.8900270379489,1.85746074211889,22.7092248500357,-5.49493257234904,11.5160801979629,-11.8775022148719,300
14.9198848169012,-0.610780323227927,25.1392140837958,-11.5689145111343,12.9734527810487,-13.6787521107422,301
10.5178250433556,-2.03208450505749,28.1979416264944,-8.10352530209779,15.2982364596619,-16.60700482625,302
4.05494223162976,-3.22138791225241,25.8069500826152,-7.74390361577605,15.5912483594073,-20.1817544929518,303
-1.89844631912281,-7.89175912947716,25.8404127253843,-3.66880475248615,14.9642401807433,-22.1494539206942,304
-5.91370998736721,-8.23578616184377,28.6287437930016,-2.20780858303955,15.8979167632743,-24.6601653133056,305
-12.2963947859149,-7.82381850287134,24.2754297305647,-2.37175734141028,15.234193474509,-28.6622083869674,306
-22.117353808776,-8.68221371241582,24.8401907945474,-0.698403631822987,13.0174024971947,-30.4345181086413,307
-29.7435220770608,-9.41462210566025,22.4964437160285,-1.12181800068963,11.903626616526,-30.9568552899897,308
-34.7724546454675,-9.88446596296331,15.7395550453552,-0.703173318809459,12.0064631770036,-33.1093583832404,309
-36.6096536404208,-10.4186983405415,14.6427650650093,1.9210864038842,11.2100879430545,-33.4544862487499,310
-36.7385651612113,-11.1282974764558,19.332800969074,4.29761394502603,9.27494168533312,-29.3664200224002,311
-39.0018987669415,-9.66588144267403,21.7628408472193,5.22856009825619,4.89468859109512,-24.828857541486,312
-39.8794871462797,-11.1067529973339,19.9437328129659,10.9010708190657,3.14211396614364,-21.1173262341732,313
-37.7194997773363,-12.80325641784,19.0104653655458,13.7771127726215,2.4462447893319,-16.2160638167529,314
-34.6713020176063,-12.4616462791917,17.7889400736599,17.658963786104,-2.30285915105111,-10.8081097058637,315
-31.040390279787,-10.7218479320778,13.8801306607578,16.6830074030188,-3.04591170478386,-3.19204081122398,316
-28.6943760878597,-10.0382677696608,10.0462493674255,18.9554988918098,-3.30665598421863,4.71500766180317,317
-25.9829666091808,-12.7774248601591,13.2863399948782,20.255490770776,-1.23490265604633,15.6848775264076,318
-18.2734013783889,-12.3510304161588,17.5129963752596,21.216197410792,-1.86484287235612,25.2518934341399,319
-11.6786009344213,-13.8606432610771,19.3797476914011,24.1564035692681,0.346779040213931,27.4489769940921,320
-0.555517550553397,-15.8243618202382,21.598863860411,26.3347385035833,-3.12045371597015,29.5017051365775,321
5.90529877843831,-18.3949311798346,20.5191070151487,24.2672489234074,-3.77872109348257,32.6940579843,322
12.4345515615007,-20.1722428881495,18.0986887652972,24.2894404039357,-3.74496813049229,32.1733836050154,323
15.9742577852239,-19.9997773075975,13.5259512465846,26.3632395510881,-2.9278394224841,32.0796520602024,324
20.5290219599895,-18.0966043155412,12.8688246120006,25.4947028902889,-4.77598769663555,26.5531000199598,325
22.5721412085945,-17.5573499128338,10.244005346357,23.2919249921101,-8.29778755226095,22.1819918025208,326
27.049813617834,-18.2211335548232,13.8326505692955,18.4396909485853,-10.1823102514162,16.4910456896731,327
29.0004454494474,-19.2592338626773,16.5875596943105,15.7988587392187,-10.7407015509329,11.7558826438536,328
31.1952542598147,-18.7448614853129,20.4784948416856,11.3335195008812,-12.5313591851806,6.43798710578026,329
33.1810918011863,-16.1525728750031,17.9376717087816,9.44430986115435,-15.2332245188528,1.28926742759548,330
33.5872075965101,-12.4801107736221,16.0323359013101,7.5277506603671,-13.8845942316827,-5.08262972762445,331
31.9547976421048,-8.97414281518259,13.770480898425,5.91688084865739,-16.4768217639131,-5.37174693871645,332
25.2896974102902,-8.02047180249345,17.4770366045614,7.89947509024781,-16.9051070612834,-4.79342120033315,333
23.5894206685843,-2.86195944711015,17.2392359935324,10.253521980645,-15.2227902716827,-6.05576382578374,334
20.6061365629686,-2.23287535429687,17.3972359162912,13.4475525377506,-11.5177176473246,-5.23346469711401,335
17.9981785964327,0.05372542358364,17.6611704593765,11.561229876927,-8.3659688767322,-5.54885438876482,336
11.7003597502089,3.09247922737495,18.3573289724927,10.1788089108294,-5.18039465922074,-3.48991043268577,337
11.492067963331,5.34791325442836,18.655834301507,8.54499609030474,-0.906433326511598,-1.59604601619611,338
9.32374364441839,7.32444560854065,18.0350386298203,12.6571506677361,3.72398690741965,2.35361199000585,339
7.45686301558697,10.0785923713867,21.7804505141884,17.5116483313098,3.57073541029423,5.44742517182265,340
3.71106271674946,11.214955244546,23.7131747718367,21.6296965516898,3.62927854987692,3.9655026748965,341
-0.653594591890399,13.0155406891656,23.9834961916326,21.9119673927657,4.38919601674129,0.851188350262007,342
-2.7232453652879,13.0284468299994,23.1646216807568,21.4709789878534,3.87527217445614,-1.89667928563993,343
-6.61636852031366,10.949269248038,22.2755814282724,19.7651362890855,5.83263946485701,-5.71740404860495,344
-11.3534383779317,13.3200135093349,17.7915414280205,16.8973880020571,7.91635484859991,-10.4727162186023,345
-15.7589394752043,11.2374240321521,15.6292886776912,17.522097751243,6.56136112615935,-13.5190367394776,346
-14.9053137649345,12.9090392191182,15.4727826626114,16.6490784193895,1.14119159192709,-17.7899884620934,347
-15.0530974997539,10.1267864204143,19.6589782471752,17.0021894041201,-4.13416925158672,-17.8176084725817,348
-16.2614567823075,8.38249479177886,17.3143756120875,19.3556035948721,-13.1628743395163,-21.7733050092767,349
-17.5352381579827,6.37435738938889,13.1950702840745,22.7921072621059,-18.2828336928923,-24.1638806902626,350
-15.2491075809006,6.90475709301732,12.5907925727902,21.7597509907284,-25.7553450756007,-27.9149215197531,351
-15.3174018440399,5.44237811064999,7.2396781691414,20.7308718504792,-31.6318040563153,-31.5601423956916,352
-14.2580493608562,2.86184889873875,2.26606678415938,17.9258923885549,-34.8975215528636,-28.4628938591388,353
-13.1794864818361,-3.56949401298324,5.15181959904488,14.8757279085085,-38.646655219065,-21.3268630795467,354
-12.1037153903463,-7.98888652805888,2.7552986432032,14.7027837143647,-41.3268044067891,-13.543011974501,355
-9.65348057999189,-9.98346701911999,1.67257089272291,15.437504514686,-44.237136945751,-6.83065275337829,356
-2.18933895318672,-13.7769062342842,-2.32418964029047,17.3486526839788,-46.6897647091503,2.14456799320152,357
0.386708570800883,-13.5795420058884,-7.12220097027563,18.3633940142293,-50.6472275240937,7.19549451108351,358
1.07679039144608,-16.4206951305885,-13.4165121520262,18.1465729025117,-49.1700403996584,12.3340167057535,359
2.06379865524682,-17.846427479467,-21.1771535806636,19.7808115304404,-45.1469605720831,17.1010365143576,360
1.97961151629198,-19.3939872284603,-21.5740080900519,19.2008215214644,-39.8699969534241,22.0829803152388,361
-0.821841344530657,-21.741467441515,-20.0245260285192,18.2059619270762,-29.9844249993927,28.5590873621619,362
-4.70862524344805,-25.731882754205,-20.2064244467574,19.0433407898429,-20.9732166053132,34.8648931849042,363
-3.57657369929959,-26.2490193830435,-20.198548165872,20.7358076719875,-12.8021788743613,40.0734105342604,364
-3.51877449903081,-28.725000813908,-23.7733349179758,23.2959558117324,-1.94232030940166,44.94519991153,365
-7.5170288339808,-25.9382940768445,-35.7404018533186,23.8868973896663,8.61089096384157,42.2305542601543,366
-11.4264226579287,-25.7351153409174,-41.1711676998047,23.3518035039373,15.7829547632638,40.6022024092565,367
-11.7955985309817,-26.995230496156,-44.8192546167085,22.5003392687708,23.1390846587427,40.13956176606,368
-14.5819857660258,-28.1667566675972,-42.999530892248,19.9315371811523,30.5905059377082,32.9352147311347,369
-12.9734889366571,-31.3073700039199,-39.2316152982549,15.1790437619917,36.1866608951054,30.1211276765605,370
-14.5968414724714,-31.2883789577413,-33.3467315624606,10.3464494606899,41.123013323499,26.6374225006108,371
-15.4038624553088,-28.7632754312928,-29.0082134811141,4.67971803608331,47.3207121165224,21.0600234437517,372
-14.1299293733527,-26.3435969317869,-28.6299675885226,0.892144188686025,49.7295751430339,15.3109908441322,373
-11.7017518360983,-25.1287474952194,-28.8979532163428,-0.554503002755093,48.8049085498416,9.96531713991573,374
-10.1672569061642,-21.8851827167715,-29.3909221083075,-6.04435211888498,48.9222952284728,6.5672779202082,375
-8.49273286231428,-20.7376228597141,-27.2449476042252,-9.65158240254754,47.6411709960407,5.85257890518628,376
-6.50271673662144,-18.3286509834669,-23.2190853899939,-13.7910979304857,43.8653573407269,0.353711769537322,377
1.6613066164206,-16.2081049023093,-16.6905477178311,-18.709931342018,38.6779838110147,0.198674576498398,378
7.38050245153757,-13.35553292273,-11.7407525903363,-20.1094739404822,38.1449201794489,-0.631367653170454,379
12.2213192368162,-9.65655025582412,-12.1611079401235,-21.0039780240278,37.2088588408342,-3.58579128726232,380
17.142302320422,-5.00431028946442,-11.8797800977027,-20.8224495205158,34.4587636276574,-1.52524438527165,381
15.3230356064031,-0.82549203884503,-12.5501043646464,-20.4992775129615,37.9039356169353,-1.69492623160372,382
17.1664817305582,2.26519444479378,-13.137956612787,-19.789215308683,33.3944376171123,-3.11688932677114,383
17.2686211519413,6.1027006179482,-14.2241055010491,-17.0659172533607,29.0772681465805,-4.71495057222947,384
11.910938661264,9.71698968159175,-16.800982863223,-19.1983780961848,27.963726906888,-8.1081421933163,385
11.7195367576197,9.93663740973217,-23.3456824531712,-18.1721647482659,27.0708750067598,-10.3829798498915,386
15.5296002353067,9.89597344776018,-28.4502464085107,-14.3909586319182,22.5616249976017,-12.3531809873458,387
16.8390526861091,10.24855751389,-33.290883255885,-15.1842556150954,18.8104093969508,-17.0682388487304,388
15.7996315876605,11.3526519620953,-35.8803826513849,-13.0540406244215,15.9381259050707,-20.3733258546815,389
10.8346502376994,14.0387982349773,-32.0020425320357,-9.29644380222351,13.0073991387858,-21.7174800389995,390
5.92590181446378,15.5475955773293,-38.263713631436,-11.1437887456944,11.0117951490206,-24.4536642419971,391
-0.855772951211801,17.1996768077245,-40.9878845889395,-9.3755405293406,6.55057921740018,-25.9868799072256,392
-5.01912652322167,20.4875169277045,-44.6848645337241,-5.8431444052949,3.94713809231834,-27.701591258303,393
-5.60180220258281,19.3052187647656,-48.2645945309191,-4.47541791454968,-3.49271157853552,-26.9850874421018,394
-6.92322656742614,19.8246229548218,-47.8624298202731,-0.502838291426273,-3.27427804463613,-26.6240670748468,395
-8.35472501329405,16.7216234565541,-47.9428083853131,-0.285675575422065,-4.61542115233605,-25.7010882160221,396
-8.26853201330772,14.9756104077567,-45.7854251208344,1.94731318348979,-7.08812103789888,-23.6484464269969,397
-9.24429666075633,14.7918457556758,-42.9455873431998,4.59407200324813,-10.1643182181505,-21.8936448858145,398
-13.5950832597535,13.8584894433584,-42.4961644554282,5.53607757501311,-10.6939903660845,-19.4428138116031,399
-18.6305987629443,9.99882872218921,-41.0494334764034,7.5289599641918,-12.7454362425951,-19.2028218120427,400
-21.8587929029902,8.21741355693493,-41.5841756838112,7.7474385773316,-16.1609675051133,-18.9011610193088,401
-27.371380680258,4.00682386545989,-39.0531641143574,9.30436261749356,-15.534522807564,-20.6105531929628,402
-32.0585394097414,0.510116231279603,-33.9005458625065,9.02413207845771,-18.4535260826228,-20.3168162912431,403
-33.9947482568962,-2.06621919672489,-31.1277667192574,3.9667174307142,-20.4417581438552,-22.2178537802192,404
-36.702085811273,-7.81684126029144,-26.1397217966668,0.561469003386402,-20.1071954851402,-23.4602946518715,405
-38.0215296470819,-9.08908480706946,-24.1871568564166,-0.503737933664968,-16.9663088201018,-23.2101732866143,406
-41.7450530991722,-11.6716257187325,-24.7410126936133,-5.98538381712363,-19.4837581386447,-20.4825458777534,407
-41.2088127679979,-12.9569012509151,-20.113160767339,-11.0886468804985,-21.1594162941374,-19.1092064940452,408
-39.3302172687548,-12.9019172666081,-21.4885883141622,-14.457404805727,-22.2367213539657,-19.6838031545447,409
-36.6274540948319,-14.0788027567068,-23.8273466333079,-20.0100055404346,-21.6794167045192,-18.0907583370185,410
-37.3711918346939,-14.4047461336518,-23.5023195270621,-20.0906610402232,-20.1471588838108,-15.1582094932074,411
-37.0269898235854,-13.7529860461962,-21.0489338488888,-25.5841854778937,-15.4262312813659,-7.36437538578954,412
-33.7878932428199,-15.5341925581216,-20.8476613071598,-30.2239278744546,-10.8966501098254,0.21528263856076,413
-25.7640280933098,-16.4922357557923,-26.1437741661973,-34.5466297001579,-8.13527687256185,9.29347421876444,414
-18.7799538754399,-18.0258417903464,-25.1789805076863,-35.9970405742802,-2.55711631043337,17.3230910265319,415
-13.2447012128896,-21.1186385374126,-23.5812876321568,-36.9926271548341,1.74707926797556,29.1128454286479,416
-7.90876186898572,-19.8712051300579,-19.6634431053944,-42.2559499383357,5.98010405747094,37.5144439165492,417
-6.82948235693056,-18.6150413615029,-15.9709016605763,-45.9228797795804,7.52346384526893,42.097825305695,418
3.86354944612241,-17.6401190691286,-14.7123781498672,-45.0968657915374,12.938641771941,43.0490085912363,419
7.42896623512038,-17.2724616248865,-13.8525819929738,-42.9031331153613,18.0304435218946,45.6218848570054,420
8.75932113212032,-15.2527908654266,-14.003146685094,-42.4720353475044,20.4360488446433,48.844816664211,421
8.77801216879588,-16.1923031755508,-12.8288794181556,-38.1969444742649,23.8056346836898,50.1612049395711,422
11.361425799826,-17.4622259911728,-7.52622152910614,-42.5747363843206,28.8005071579126,48.1633847980184,423
12.8495974718133,-18.9291764935889,-5.75900064283728,-40.3997722203389,29.1247977153584,43.0593669233708,424
16.8527966553053,-18.0745316915297,-5.03125287850273,-37.129969893632,27.9864751533356,37.2527094126139,425
19.3757056527079,-17.375892415695,3.0523097925209,-32.5236142160387,28.2406292402577,31.2915530919914,426
23.181040140291,-14.0116859361255,6.07684121813353,-28.6520734829359,27.6816704873957,26.0737714985508,427
29.2623947185772,-12.4446154225681,14.9389530293684,-25.9058032064222,26.3868003327736,18.9952027089435,428
32.0499090202929,-12.7283404752699,19.5821904141335,-20.5654787489903,21.9796602482795,12.7509316595996,429
36.003437757369,-14.2213587267323,24.662230954753,-18.277122554611,21.4155805421423,8.68571538773725,430
35.9086177539625,-16.0016523192222,28.582910211011,-19.1187739021588,18.4155093199389,5.66496610970541,431
38.0932643722605,-14.8522817057226,28.5975316150693,-17.7750056166613,14.3960576960945,2.69841311865616,432
37.0520251775804,-14.0761419857841,31.3430273711706,-17.7645280560412,10.1458266155729,-5.96210072980217,433
39.9559112224683,-11.2310275130419,33.5710826054893,-19.0182817449687,4.39110066282914,-13.2766778842109,434
40.2778811494321,-8.28578950201728,30.9607204681841,-15.8864091588535,-3.14970508192623,-17.3310099472852,435
45.5044874023365,-6.96496611095301,30.7164439448564,-13.7700648872724,-6.55590865080768,-20.6561501000451,436
45.4866613758907,-6.48535100950452,29.5721131452992,-14.7119569945525,-8.26047583475791,-20.8029294092885,437
44.3578638510902,-3.98123130131741,24.3384381960379,-15.5837302710679,-12.0148519047558,-21.8444530724574,438
43.0357423106495,-0.948662838466877,19.6636845554208,-15.1817919391094,-16.1463328745842,-25.7726828713705,439
37.4806272858353,2.65834215700948,16.8176095156962,-13.4561592332021,-18.2440669470541,-28.4504997827829,440
37.7518761190916,6.1098640798312,12.0788208213152,-12.691957300395,-17.6252029764296,-30.4837234582071,441
36.0520464256448,7.38915175148451,1.17713232883643,-10.4605407405416,-20.8398803080681,-31.2878616009841,442
33.9108691256259,9.7840940238739,-4.76511624734909,-8.78559087361848,-21.7643002382953,-29.7703303208876,443
31.5482409196462,9.60558981804893,-9.37771522705722,-5.79266353283315,-23.1963262846583,-28.965517656375,444
27.763107504872,9.27023247512317,-15.331169839848,-3.49126896913484,-25.4214776043993,-24.8595904746089,445
24.7990435354607,9.00710022692184,-19.8533137342111,2.82719024970035,-24.2003013475775,-19.8165015166616,446
24.7297878938702,7.6794099871968,-21.1604413948896,3.14380150453696,-22.2737437875506,-14.3346841772151,447
19.2713916837015,7.73266850758257,-20.2699111718835,6.34950455078653,-21.667568520457,-9.60143990661117,448
17.2687589536342,5.46629608702283,-15.3489703773674,9.28491009241417,-21.5755865496774,-6.73007896182786,449
15.0227949416385,3.7882612761335,-15.4047327367824,13.6490191205937,-20.4424521902033,-3.80987624334347,450
15.4780853710354,0.401439267782805,-9.58686435633242,15.6194457411016,-20.4367545210986,1.76676801974346,451
15.2512144093308,-1.0297774562477,-13.6829460193929,17.0561673058839,-20.8077420798867,5.62353049519782,452
10.4618554935058,-3.59729788368658,-9.22869364663117,19.8092848801202,-21.021682524725,7.50180731449399,453
12.0840144432983,-4.24772790821155,-3.24939368996889,21.1162039747045,-17.9997765640468,7.56269952499564,454
12.1471909785628,-7.53936150948953,1.7667838535139,22.0948426710826,-18.3574175268527,8.06005893155141,455
9.89590525137442,-9.32622225702309,5.41251585789672,19.4904371778757,-15.6259367060316,10.4298393016109,456
8.88361071687625,-11.3996734458215,10.4604196122007,20.9155255137773,-12.0087980633967,8.24854727257429,457
9.1154374534948,-15.2274322511845,12.0565668527319,20.3274960459187,-9.32093983480019,5.82760433690889,458
8.30259392831953,-15.8261486768738,14.3887763237362,21.272381579073,-10.8950798990224,3.58237978767688,459
8.4126149069999,-14.623974380416,10.4455757464589,20.662047040957,-10.5516161975627,0.0127253855224669,460
7.46724403730153,-12.8999547613628,9.02236728481726,19.0703050609344,-11.6330152195612,-3.10030503814317,461
6.10698998692974,-15.6087525313378,12.6609052709457,15.5161241073612,-11.0661250654505,-6.95714780275741,462
7.30942385287421,-17.737219637016,11.1335069411308,15.4066494571015,-9.69489521532542,-11.7280061019901,463
9.08449444783892,-22.1081910122126,7.48142840189699,14.8006770201183,-7.82384347413963,-14.6352486352784,464
12.9701546039308,-23.9080445575784,5.08500194970951,14.2278583259705,-8.4155698524467,-13.3990114016006,465
12.6503705297039,-26.0802809919986,2.21569737723406,12.856358125486,-8.04594564525685,-13.2023051004344,466
13.7126831002213,-25.4072732318812,-1.93522938166701,12.694697042644,-6.47819774065365,-14.4283948811762,467
17.1477943673214,-26.4343834470845,-5.89255749043569,12.0044223734197,-2.26568968964469,-16.1718046615374,468
17.4722462488669,-22.9272230195133,-7.3752400416295,9.8988618908053,-2.23329889907963,-17.1990427652497,469
18.1771888736683,-23.9551962955208,-8.08586996102528,8.36461609344104,-0.384171577632946,-15.2024759349916,470
19.9403839447237,-25.5790635320667,-10.2659152978779,7.22842467471782,3.35504876491814,-16.2431731890282,471
20.4390983030382,-26.3960749516537,-10.8248558501614,7.09417251766159,8.36927494451973,-13.8798736583107,472
19.2788259289742,-27.3853247896075,-16.7683246331628,10.8239025853756,12.0123242074358,-12.1709060072783,473
24.1641662372902,-26.9270975005667,-22.0032022199089,11.9496873725443,13.4185633174044,-9.2642239108349,474
22.4274979523923,-26.6732365107432,-23.8970393340111,11.2108419345058,15.5459353443084,-8.63620764659911,475
23.6461031277849,-22.7631159317227,-23.9523153231509,13.4776924283687,16.2335928025643,-10.2384490605401,476
17.2573551624237,-22.2674950452291,-28.4782976820003,12.8479320502861,18.3505734599803,-9.41712356337307,477
14.0239226437678,-20.2988875498235,-26.3887124166359,11.6183797328821,15.8665691002963,-10.384816441642,478
7.37664552239397,-18.7726631883505,-25.7551075702842,14.5049890208694,16.0663652110038,-9.83385175640377,479
3.06137203078061,-15.288068680118,-27.518814510555,17.4632477934636,13.8059487529938,-10.062101429912,480
-0.803651291542161,-14.1228869222121,-26.8342771630184,18.1057661083495,10.1330984658095,-11.6139690640123,481
