"V1","V2","V3","V4","V5","time"
12.6766819338131,-28.1390454707371,0.216316415451472,4.28880269712242,-31.2578751859176,1
13.0296169062222,-29.4401855141541,1.10151660946665,5.45051805658987,-29.9466064042895,2
11.1457662598564,-33.6382179540833,2.59125876187608,7.10523251415399,-32.5607103843954,3
7.51444782106834,-36.4521915227584,6.27468591548926,6.99464072616482,-32.5983143897415,4
1.79953545998451,-42.7432437270905,7.09522902053983,8.31321334409022,-33.1532631586763,5
-2.82654753527803,-45.0786346802817,8.45520292087834,7.45439448795227,-33.6089806517732,6
-6.59312412286565,-47.1767751704983,12.5562061307178,6.33919616003972,-35.1020623545296,7
-11.0491362573742,-51.5695402602799,12.4427614228627,2.41382554086602,-36.9698662771408,8
-16.6131035353478,-55.3187915840994,15.3924814431384,2.11868136177549,-37.8792094416998,9
-18.3128487977248,-58.1330993333761,18.3079833864357,-4.12191934479706,-38.2920084775003,10
-20.7847071054332,-62.2494893804407,21.3182150329313,-7.64481872487257,-37.5421354848339,11
-22.4130410334237,-65.4429031321021,20.7238989391314,-9.42393753224868,-33.8023229861974,12
-25.4316881172552,-68.132306291997,19.2173765188377,-9.36095784722368,-29.3138548335094,13
-27.2053432255319,-69.6863363817364,19.1421360358026,-11.7993433564161,-26.5964575927516,14
-26.7648935292912,-69.8454231604969,20.9759558831024,-15.2248220698962,-21.5183587382374,15
-26.3477633969416,-69.0779673793108,19.2545045323824,-12.5012624575118,-16.6117830158431,16
-23.7175022909686,-67.9857873789913,19.8304018164001,-10.1719768360656,-12.7192547613466,17
-22.7888124997046,-68.7921644807158,20.2796807227763,-8.2846496160685,-12.9729174601467,18
-19.3913930599232,-70.4865189752184,16.6938002140858,-5.52532093560895,-11.0207275368285,19
-15.7069762794839,-67.7393362807049,16.6452768576289,-8.05067565854498,-9.60615228665444,20
-12.9187636708527,-66.8815245812544,15.7063116187536,-5.6352592123985,-8.71013675650687,21
-11.3625911184386,-65.9995997532979,15.5043271270326,-0.214088138132998,-8.35880933472026,22
-6.79192608200685,-59.9909788952884,13.847538561185,4.13624354732829,-8.32569416684766,23
-5.6754846757636,-55.9457499540289,14.3018978797926,7.90399708896504,-10.5182308041991,24
-4.29132096398512,-51.7897699221273,16.240975983493,10.1234540081228,-8.67812439078588,25
-6.67728266131392,-52.6594219804172,15.8493032153447,10.7100206556209,-7.28382611308267,26
-8.64627932168072,-55.2161446700708,14.9720218553655,9.87288704967901,-6.5109934069807,27
-12.6002605199068,-56.3386158590327,14.0133019173217,7.19938262821526,-7.7173491712958,28
-15.8038350783039,-58.8393854208231,10.9463866408854,4.95481623866053,-8.28782308199876,29
-18.2151275392522,-58.3680158107131,8.2397200850001,0.493255833357144,-6.71432657539384,30
-18.4197502869984,-59.0470513471899,9.99491925875777,-3.86064635434286,-7.62720765522776,31
-20.7198766139513,-62.3935607622041,11.2101336784649,-6.33466453087467,-6.20591054908436,32
-19.9503754686023,-63.4408686838099,11.987621244092,-9.90094054463358,-4.82216240382538,33
-20.5953589283342,-63.6043441338251,7.5798742340406,-14.793222537579,-2.95270567045619,34
-24.1054450023773,-67.2417785015504,7.01585491355222,-14.7091592065138,-1.62649692078432,35
-25.0295980230716,-68.6306260377248,7.34139168501517,-18.5298864687869,0.042163005190531,36
-24.6428867247373,-66.2890081983925,8.58518001066218,-21.795121851793,-0.788223865400616,37
-20.2151349281494,-61.3369933503742,7.78591786727921,-22.2858587064893,-1.53425099699545,38
-16.1046109439255,-57.4147844573021,6.19567734176764,-23.0764516659811,-3.56221799340363,39
-9.90441971361545,-54.8220988660786,7.86010633404077,-23.6133162558823,-5.2451823182461,40
-3.3810919106292,-50.0623394927176,10.2584946186468,-26.2773559359952,-6.68756947787927,41
2.02989748916067,-45.9534979468873,10.7221266713751,-25.0050744229599,-7.92148502783165,42
3.45950225888861,-41.7145749113382,10.5254981721792,-25.984954757234,-7.92406545889591,43
8.34727700675206,-37.0378621942605,8.83546108163257,-26.280832752046,-11.8376550382976,44
11.1002573940796,-32.2673775525736,9.02254300999766,-28.9992234651063,-13.7961059190529,45
15.3182655765405,-28.4541540134077,9.19232542987676,-23.7555325715188,-16.4038429332412,46
18.6628505025773,-20.7568109425404,8.59132267392537,-21.0052490230187,-19.7332183318664,47
21.8935484168197,-13.8874287945158,8.13034932283397,-19.3387539571474,-24.6872071048911,48
25.0786736968376,-8.18848515604243,6.15984685188143,-18.8918808647011,-30.3300304655456,49
24.3140171557195,-9.94890801223762,9.4262625897357,-15.3924410556879,-29.9549610475345,50
23.7166058803835,-6.02617799516424,10.4881424767705,-12.4634567530679,-32.5208451959737,51
22.1456810199438,-5.93812405090053,11.0011024784194,-11.1690494639108,-34.9476116952224,52
19.8272103094043,-3.66711929498982,9.49921341709499,-11.2520074084969,-37.6256834078945,53
19.6560121579007,-2.51073067404567,10.0793017957008,-9.86900448082642,-39.8475547075411,54
19.5846980802399,-2.87631985104185,10.1460548195274,-9.85047617760748,-42.5322166887999,55
17.4969554453764,0.244305657822165,10.6057811525859,-2.7070612806189,-44.6762938761458,56
15.3740350616954,1.82759366808205,8.85832191050295,4.32756356394628,-44.9915696089364,57
13.4772398534392,0.515310883828061,9.53237112711849,2.58833501660056,-44.9409007331367,58
13.5452778676361,0.16437973813314,11.6998300454177,1.92136641162888,-46.4808371988005,59
14.1425524464538,1.13770546468914,13.4746720603522,0.573097542952579,-45.5030276262136,60
13.2559405777118,2.52098072369536,12.0590440689608,-0.0547401957760592,-42.170093513563,61
12.747668434679,6.91728306104652,10.4877647562272,-0.494540479848387,-44.9567157739552,62
13.4821853749334,5.41584113884003,10.9944014774475,-3.60295921571445,-44.1783588853339,63
11.6789361672684,7.8305133488546,9.74681830254011,-6.16639919913755,-43.2979385673742,64
9.54896589135153,7.49161948127626,10.2120682294233,-2.08243566572451,-42.8847468805168,65
9.87026102535431,10.2850136948298,10.3120423251441,2.86855125368541,-42.1169604728895,66
9.30701448258929,13.2925741145005,11.236136722389,8.76525773369228,-40.6664305864999,67
8.04037518175456,14.2175755743794,11.2434920184796,4.4161421861384,-41.2882821029443,68
7.7685912075213,15.0066547305048,12.8516072030089,2.75171630519852,-43.0761843011353,69
6.26727659470777,18.5056073587553,13.8697756184138,1.28036158788956,-43.8819109577108,70
4.43780524478314,18.5511390758806,11.0521436084604,0.710184074513953,-43.1941379016003,71
3.0899079428474,15.92970919206,11.8878458568499,0.208338070578916,-42.776102595999,72
2.23738353282928,15.7443425522452,13.6467354715186,0.911689156934802,-44.390386355165,73
1.93931486552737,13.4090456369571,15.2459730592583,-0.248263962777706,-42.8999151628156,74
-2.04501790467747,14.914270223955,13.3241547932693,3.08836357238355,-41.3319164661228,75
-4.4930663882022,14.5217010676552,10.2131758383911,10.0015864592756,-37.5002267597592,76
-7.55567661168785,15.7387535587491,6.83569925911417,8.71649129657263,-37.7485904566044,77
-14.8707375510109,12.9141051025818,4.39473637710876,2.45385451627078,-36.2759081666703,78
-19.3944393320883,10.8502039263752,1.98927688778105,-2.63869897715053,-33.447077596509,79
-20.340198301958,11.0892022839518,4.45005076044301,-3.55779735131528,-29.8426633848214,80
-22.5096348115729,12.9868262908706,3.18856485078542,-6.14852023589348,-27.776615675191,81
-22.9949306471466,12.5164201667517,3.13070217806093,-3.22491595149576,-25.0494878096143,82
-26.8195083689083,10.0941583920282,5.1228404805556,-9.68904177390427,-20.8424177624399,83
-30.9858236616005,7.20586330704589,5.18387976429719,-8.533700023135,-16.4518244098778,84
-33.9839420606132,6.52273705993228,5.02934332260984,-9.15072498889824,-7.01194400611254,85
-38.1501443339521,7.83721238134259,3.61544087261369,-7.48235789882387,3.23972509097617,86
-39.5750444899728,9.19219745006508,1.54658268338853,-9.42662468193715,10.2436949637211,87
-40.1213352147813,9.83776260706132,6.24418808693324,-12.640150434626,17.2355784046188,88
-38.1088278346412,8.45708991629767,11.2664183661943,-17.3009991481574,23.6050163943179,89
-34.2925730332567,8.97750178121446,14.0445789570268,-18.1568454151851,30.414704054504,90
-31.8955114479978,7.11324746785305,14.5832671776231,-15.155164634545,35.0621758403797,91
-29.7513101764486,4.82928161483619,15.6589278333138,-14.4295783956125,39.2323318234877,92
-26.86713714165,2.46458122498053,17.2171854962904,-12.6861474619374,43.1635561585943,93
-26.3920589226501,1.69190234803048,16.6635717909393,-12.3945343643439,45.6362651450667,94
-20.537261485602,6.04458061291244,15.8246138112033,-4.82217070506702,45.6645546668361,95
-16.276804193481,9.49289024410977,13.6893868659112,-7.92176812953876,43.8107415213481,96
-14.3921697288197,11.7304320332962,13.9743002783793,-7.04109452100096,45.1624896293631,97
-9.90416137040287,11.6621351828819,15.236454098249,-4.10803025793076,42.2335038355002,98
-8.37238771571786,7.63279287768565,20.2999594506194,-6.90032356754364,41.02494819078,99
-6.25867941648492,7.31822526693492,18.8484874413801,-9.88039008272435,37.0267619158281,100
-6.68026111711767,10.546753511312,15.7087464604908,-11.938814703588,35.3910145276763,101
-6.9002285718476,9.95968407819362,15.1213687793839,-12.5014908216331,26.3881954045093,102
-5.74842771976873,13.9969222045874,14.8928259587432,-14.3040625395537,22.6375226762385,103
-6.38498343792681,14.3411983413023,11.0966207249113,-15.0513923866615,19.7597130880297,104
-8.50424785084593,14.1151663070491,9.22465982302354,-17.049517203416,17.114553535761,105
-7.59188875510384,13.2537446033602,9.26595399186634,-19.7304483802334,15.3751732399066,106
-10.7230533694919,11.2825844104381,7.0005490791715,-21.7476560186498,14.3945114732011,107
-10.2537133845884,9.63863396499666,8.75463939501396,-19.0138668349768,15.1518547294182,108
-8.77976047486998,10.8785464897691,10.3377733308128,-16.6528103027738,9.7521617905447,109
-7.83750673370813,13.5055855549038,10.9945814153026,-15.509767155375,11.4704682741674,110
-4.16888238368856,15.8729864430432,8.22247853246554,-9.8921502171157,6.05054026774034,111
-0.618271541475448,14.822697842445,7.94183350669508,-7.69748639632945,1.13117592714151,112
3.6178250160848,10.9736623429713,9.12205354879138,-2.90188721731514,-2.15305673620784,113
8.04976786507898,10.6390064966928,9.16695338990662,3.29145943043011,0.117625512328954,114
8.18083747476978,9.25088336200768,8.91506730875338,3.15287605039084,-0.988154395313248,115
10.2291712495278,9.7724834988421,9.75729794595165,3.01231403260694,0.850509206410102,116
12.9521916555996,11.3394612644378,8.11373002603469,8.72797186343933,1.3813839674665,117
13.4312873808558,11.1918557515889,7.26806113363988,11.7899643709185,-0.562980716757083,118
17.1973650554531,8.00766414894511,9.40955985778474,9.59736901377875,0.399900762056411,119
18.1850782074206,6.93547120159835,8.0730408195185,10.1944822033752,0.18480765240954,120
16.5485868571313,6.25517252531184,6.72953970985771,5.95409915172708,2.02491184317071,121
15.7181072058666,4.28656750227259,4.41184679939083,1.52847868189357,0.279612956928363,122
13.1814553941422,2.35301702483804,-0.276528542194492,0.299464395763822,1.94434140958216,123
12.3297301277648,-0.156884603534186,-6.08751928201412,-0.455304979734173,9.35540700166207,124
10.7094541065876,0.362236124558512,-10.602950240519,-0.0380418675535505,9.61013801526325,125
7.12656559783061,0.0910598145690978,-9.40280616331337,-3.3620631021179,8.70906885554509,126
7.97975853449378,-2.41730085600418,-10.1105788712047,-2.09151049613938,8.49964821426518,127
5.87190002920911,-5.69085656588314,-9.73717431669987,-4.63530227753197,6.84252761838954,128
4.9087372193613,-11.2161094700986,-8.99023000505355,-8.57544593989118,6.12995090414665,129
3.41540596609729,-16.967704707504,-9.59964331400696,-10.2039779364509,8.5588814318706,130
3.79960478504424,-20.4254468394487,-9.60235734380306,-9.27567159545436,7.31316970277271,131
-0.0852322216886773,-25.3972953946319,-8.60641565266491,-7.6460926956389,8.491410579996,132
0.633714223818349,-24.2191596643266,-8.18589316805899,-4.39897460525207,9.4900110237329,133
2.62108051494106,-22.8588281216173,-6.98702178909564,2.51799149555641,4.79070935585373,134
3.16100266267627,-23.6922763983858,-2.28765268237575,1.22970548923949,1.61576070695363,135
4.73043594804134,-20.9233521674267,6.45267060200559,-1.14891223217397,-3.64040660212774,136
7.9278434166455,-22.359630632159,9.75383718820146,0.559265208716736,-3.70792244940507,137
11.9906009545641,-23.1483526242759,8.18068640486875,1.58025864498416,-3.71199636898807,138
10.9102325618609,-21.9267175998621,11.9965697708261,1.98744179708534,-4.07516131111957,139
11.9129911146224,-20.0404944465443,13.2875797821838,4.28483438495088,-7.00362905698338,140
13.0091840507371,-16.2259764156302,15.0591808205182,1.52262219151796,-8.63667815935838,141
14.5641246311569,-12.6162506021483,18.0566164918108,3.3666428544644,-11.4091934923792,142
13.5371501997496,-8.62379151856075,18.003654427467,3.5157997674381,-13.4519471426061,143
16.6319273921761,-3.53170839416707,18.0853439017147,-2.43379938855259,-16.6105107899874,144
17.7631260328839,-2.06050916018825,18.6891051512825,-6.10022484992329,-16.5012294005368,145
19.0746021891621,-2.43392971880314,21.3418850510945,-7.67564272992722,-15.9604343741799,146
21.9222176768978,0.13104824490827,20.9702551120441,-9.66530184549892,-15.6949105946468,147
22.8394806079594,-1.06838066720819,19.6566427377393,-10.7876468056333,-17.9571665097343,148
22.0560460432619,-5.67374378988837,20.541148724882,-15.1862266701601,-19.3161269628302,149
21.5183646477845,-9.00688857004528,19.7020516805494,-19.0254260531138,-19.8535791344063,150
23.8172713895736,-9.44329131665907,15.4693417356857,-21.8899606451701,-19.3479369750796,151
22.7767525503123,-12.6600928624369,13.832887667765,-21.6818386520584,-16.9705666657817,152
20.8735602414947,-15.2991858124709,11.6273284930183,-22.2684280863858,-15.0388347682818,153
18.40283792703,-16.9969062249763,9.30408386056468,-25.499728927947,-11.2846367946706,154
18.8231383839606,-20.7642274899603,9.81801264162685,-28.8605438311349,-8.31565159300632,155
16.1599919961088,-23.3727610918424,7.66746053384415,-27.7417121463942,-4.69800695130556,156
14.8658053391225,-24.504310987244,9.26902880292854,-25.2792281764493,0.995805126061229,157
10.0848433503077,-27.8765643986676,8.07814303368632,-24.0793229598064,11.1285854225035,158
9.81245105068138,-30.8371076370206,10.6233499850119,-23.0133812006464,14.926418844083,159
10.4753248075221,-30.0098949023713,10.6418516969229,-21.0377153380585,18.0816412176217,160
10.7069405806859,-24.3880023176625,10.2857355255137,-16.9596666752577,22.0633574343145,161
11.7790136977305,-21.9429801073519,10.0562671904097,-14.4635266191801,25.4548476880248,162
11.183042892619,-22.3866073369649,8.47828169203731,-14.9258784612723,26.3123355424404,163
12.9294684462166,-18.6571909244361,7.02124970206468,-16.366307195289,29.2602463311915,164
16.0664680740001,-17.493594619539,7.4328301530313,-15.7963867333708,28.6915064312069,165
19.2321379526391,-13.6791904164402,7.66710484106931,-12.29512156449,25.1464777698111,166
20.1282679519951,-8.6424641793901,6.01390340412191,-6.3528468006435,23.0515506160571,167
22.6088292522643,-3.12232209289001,6.28780261984957,-6.48379751279511,20.0281457201389,168
21.1575859859605,-1.05303651276352,0.853917465945833,-8.54026419407805,16.0481280762461,169
24.5174358825717,1.09022209849172,-0.349853343330686,-9.59551280318192,9.47999906408163,170
23.2667365602448,4.51369321582039,-3.44781292038776,-11.391977783538,9.32194316780393,171
20.305984386463,4.15987114961978,-7.0189817702196,-10.3384916052945,6.70807939447843,172
14.8213222006329,2.90449033649295,-11.3098137765147,-17.5018480227759,4.51766715784126,173
7.58809981678732,5.87939346330857,-12.3850598721001,-19.1380414722356,0.59987494667845,174
3.24954636347402,6.57216615020572,-10.1188514261227,-19.1009880611346,-1.31219458664041,175
-2.96177356208976,7.01046846900253,-9.3784528165425,-22.6134500984795,-5.16538222601329,176
-8.9983790508234,11.0594107014386,-11.9696303668462,-23.0234354295299,-5.54730971948604,177
-14.1481677156215,10.511687292872,-11.2426353746979,-25.1516658401853,-4.7499285965723,178
-19.2670817621934,4.1174635836814,-10.1036819850129,-31.6154625270937,-0.878341675358381,179
-24.3582164649856,-0.267378718926237,-7.0636688627834,-32.2718259993151,2.91349844331638,180
-28.0488997219998,2.02887579260922,-3.26677600417134,-33.4713364230428,4.51035065929298,181
-31.3609427955131,2.44483509405484,-0.412001893500689,-33.6373464494853,11.2583029884393,182
-33.5963477237111,1.25170959119258,1.04308999457712,-31.6516595639914,13.5401258133993,183
-34.6279668051026,1.46884689102881,1.83212759418438,-35.2067733912213,17.9717109988809,184
-34.6177776025936,1.16747567665542,8.17796302568845,-30.0290337850532,19.6946919980614,185
-31.1327448868536,0.644985603022127,10.4690152913178,-30.2195051896736,22.421076642185,186
-29.0235189085303,-0.124061562981462,9.0877725605202,-32.7197315799507,26.0679109186481,187
-26.3014533521754,-1.85258196101586,9.29880047326542,-32.0094196960427,30.2902505205492,188
-24.8743748588549,-3.02035754273445,12.2431777019343,-28.9190974044874,31.7992881672979,189
-21.0293925310913,-4.50071331680904,12.5862053178652,-28.1865395823992,32.0435334582906,190
-16.5120845613401,-1.08363739376502,12.2966159559139,-24.2608845319643,30.4639734554002,191
-12.4059538867416,-0.69101827411865,9.12985818242558,-22.3741199832101,26.9822778894196,192
-8.69672964078393,-1.63508751349956,7.8894052223287,-21.6333069723599,26.9424952595473,193
-4.23893022689521,0.426911380180749,4.83675641538228,-23.5835092673996,20.3354096611302,194
-0.4484400613815,1.15135213602604,1.37729887318844,-25.8380992656754,16.4303821419139,195
4.36222558775975,-2.73171061771094,-2.22561972654557,-27.3770976415296,10.4413506373676,196
8.55758232186055,-2.96878211538316,-4.62489007092403,-27.90952704004,8.18465642821086,197
9.11284043285383,-6.45931963504929,-6.22651790072089,-27.3020733175823,8.04566062586646,198
9.71589872542521,-8.3212163243431,-7.83721772334907,-27.0949649896346,6.184015020051,199
13.3861202954566,-8.27597175944566,-9.74977708502386,-24.1221558628842,5.42783324155313,200
17.9742493494282,-11.2682290629784,-13.2649438700831,-25.2057184699372,6.55004415012559,201
18.8747533880178,-12.3650996624135,-12.5847812348844,-25.315317306874,9.24911051235153,202
17.0972871494232,-13.0992753860979,-13.149183959562,-28.7347364345086,8.01305038442923,203
16.0858233109164,-16.4803911848935,-12.2715647371048,-30.5791584060329,9.57442793160509,204
16.7627891518242,-15.5080054532719,-13.2292003885441,-30.3151567121483,14.8403966458368,205
16.3757912626943,-15.6492203647094,-11.4637213198437,-25.9764762693558,18.1255634747256,206
16.038894368596,-17.1654031533911,-9.39171160741618,-26.6158623029137,19.0199619890682,207
17.2030976171505,-14.7203842454018,-6.25928232657837,-23.0478169028507,25.4677246064219,208
17.4117016794455,-14.9822894577748,-6.63487100307998,-19.263531935603,28.3889452561327,209
18.3443060297577,-13.6886105183183,-6.13613435189661,-15.9033370878434,27.4245444088364,210
19.0595037342229,-13.6283020138465,-5.10282716794254,-8.56000283142038,25.5953464356322,211
19.8167064051917,-12.8786380854266,-4.93872705163995,-3.11978049701933,24.4394940825067,212
16.3045517568289,-10.4838639481621,-0.299249430179869,-2.39099633580154,21.2865432008633,213
14.3717575208416,-6.51200097240567,-0.942823383695451,-1.13727373515908,19.0936579381764,214
14.0866220650555,-4.58871324592832,-0.403973044553122,2.41027475153747,20.5791427286454,215
13.3273863630076,-0.570017824012307,0.829432445317293,4.62065182321128,20.7633591520334,216
9.68383264625062,0.18254037824908,3.26852338293989,3.7894971635338,14.6446395928942,217
4.38752928727091,-4.5803190740211,5.60213189936738,3.79873583379435,16.0763246264591,218
2.78202981529366,-4.52950717147041,7.63916659997449,7.36822636943052,14.3991507777909,219
-3.39051926264552,-2.74320315156821,12.3061062356338,5.46102390292905,9.86951224486123,220
-7.79762696248254,0.502306088018334,13.8761979132472,2.35784872279835,6.98537274766513,221
-13.4825589285932,2.32425507357056,15.9563835420367,-4.83851178289572,8.22028026430904,222
-17.2223273854269,5.65726847801409,16.3959500195329,-12.3224154744335,9.08781745169376,223
-21.1813767721699,7.34153197112187,20.7140892735476,-22.2636828759874,8.5428607922077,224
-22.582959678096,9.45918513152956,18.9214082209304,-24.0687053483026,9.73356312055643,225
-22.4867570038925,10.9561367763282,20.092857309649,-25.0476044402199,8.08039341468211,226
-25.3019370384419,14.1222280877133,20.7062093798667,-27.5917297914529,9.18080840806051,227
-23.5645124303774,16.4230844324488,18.7776292500942,-25.8720852732332,9.205687520099,228
-21.0915702426531,19.2266469784165,18.5401552995746,-24.8203011890573,11.8129269738331,229
-18.220851287473,25.995827358376,16.1770157176279,-26.5379165666199,11.5126410157663,230
-15.6507755004326,30.0846908003287,14.4034951708546,-30.8006747293618,11.617843969082,231
-10.2055613434204,29.208994662216,9.96249956314427,-30.6288183042419,10.3963444834796,232
-6.73980760971467,30.4549125755077,8.66090575764448,-33.0418840670047,11.8361771860105,233
-1.65703008737722,29.0787633136904,4.37973494227481,-28.1566347728343,9.53154284348224,234
3.88405573703452,31.590287997631,3.19843493750183,-24.9963130015245,8.32491043846635,235
8.03403063469041,31.0592140043508,0.775069581803478,-18.6999145891262,7.80563306849202,236
13.385100119125,28.970680832773,-0.507657240029817,-14.6490041431203,6.27727044332585,237
14.51045916607,27.1224360895019,-3.00758249742266,-7.54139764886352,5.24455244380283,238
17.7679361200288,27.4574223496819,-3.55185445019294,-0.185851223467296,0.732911503508172,239
19.5797522059004,29.602975638303,-4.86620971644007,1.80281203907287,-0.71527164002077,240
20.2222503750882,29.3115170238611,-3.89647384323619,2.08123547762607,-1.02620847463614,241
25.1276784822174,32.0828862965523,-5.04855184465048,5.1519313130725,-2.98187372452658,242
27.7065299601665,32.0125480420052,-6.50694899738934,7.12932594337411,-4.94927451990049,243
28.4818373534587,34.2602971056018,-6.77803154143546,8.15622983825252,-9.56897333710023,244
29.4403553294483,34.6010277687814,-8.13824980736906,11.7109287469427,-11.6929525428814,245
32.1912257762858,35.6690935950877,-7.21378709268316,10.4486951576642,-12.2744873461148,246
32.6213601046961,33.3353837129501,-7.52230160246401,11.451409481869,-12.65882429545,247
30.0405704128263,34.3991012911023,-9.04338347894836,7.79128335438457,-13.9464356460484,248
29.2199015318752,34.8178826442037,-10.6978348195012,7.65578513575528,-12.9010073501092,249
29.4097942405374,34.4715522528721,-11.4364256588273,3.20418259128578,-12.3209764981419,250
29.9475810797543,33.7538861591522,-13.0771816086145,0.0791473384826055,-12.4042399459075,251
30.4716592059561,30.0471924854756,-12.7624255557689,-2.43498900413071,-13.9219970954721,252
28.6869746716658,28.9773731592547,-15.4858836215654,-4.11261237156643,-10.2692171725751,253
24.560206383193,23.8659973223229,-11.3792343355803,-6.15603689179205,-11.045693834237,254
21.5335539279695,22.1044510684436,-12.733004489466,-9.61448125845125,-9.45166832955919,255
17.6899604838732,21.4467585561495,-15.2228237565183,-11.2187071080088,-9.12340407665935,256
12.7990448170278,19.8458681305435,-18.3435592388786,-14.0621596347257,-9.37212064567678,257
7.3727238490569,18.7418986883312,-15.6146093755666,-18.9310087528683,-8.2177568168688,258
0.843919816061569,16.2434741027139,-13.7067474524641,-21.8392547725956,-7.34975838772435,259
-4.95632308900838,14.3226235843849,-10.9876446102244,-20.2301421494356,-5.21584765704814,260
-13.0755338902182,12.8793360826751,-8.54930885095554,-24.9457745023281,-4.14142967533688,261
-18.897511741013,11.4043890980149,-3.71394418551032,-29.9586360826585,-2.14262880266412,262
-24.6652316421764,5.05693599084724,-0.749878899866776,-33.0920728810445,3.49562598360524,263
-32.5765194225617,2.10190419347341,2.05391218238195,-32.336810268797,10.5278631795653,264
-39.4806811169604,-0.385880747331178,5.37333287961439,-30.6884480785312,12.0041105116089,265
-44.152362882367,0.473831120524729,2.71405237134811,-29.0181933160166,22.0692957313497,266
-48.3455559877063,-0.233515110200686,5.58842079786751,-23.1719249993549,27.2875336008066,267
-50.2024270410972,-0.727118607091215,11.3736085137336,-17.9470735196645,30.1121904069486,268
-48.1943769579975,0.352034803999271,17.6829971590275,-14.5374430233614,32.3454309827338,269
-47.772549052381,0.317832328386539,18.583338884972,-9.66636082767065,34.0558640082479,270
-44.2242745815117,2.49633863681945,18.7559635797635,-8.0185498162883,36.1059564534303,271
-39.2290656099382,5.10157834676866,16.6259237620931,-4.26441547433331,34.9942691681362,272
-31.4915028940662,7.73170035247752,16.8375972145332,4.01825347398565,32.1284014267582,273
-25.5592677204926,9.68786448423587,13.2340047304471,11.1222888780184,31.0260217977431,274
-20.0094146330283,14.4547225637709,10.887954143485,17.7356948695416,26.4473923092599,275
-13.9541546994259,18.2737091689061,8.99929618821168,19.4315175480766,18.2173486649873,276
-6.88285362017112,23.4127731624985,5.75647165766326,21.4845316919245,13.8283175652993,277
-0.239661094808561,24.5031828592852,4.62922091739707,24.7411983344383,1.40481733567912,278
5.68196959064648,26.3044566881488,5.81199112018328,26.1590541132475,-11.0288202439103,279
11.2336945625498,25.2503464777133,2.16831321879064,21.6253269812251,-17.6190162341419,280
14.8163822500617,24.7766678540121,-0.43785762654349,21.5986080934531,-23.0161459382322,281
17.6202558837587,25.5017136861393,-4.07667661419956,20.2738721869463,-28.4344808528153,282
18.1078700171737,26.8977125339741,-4.90615680742068,22.7312312430722,-31.9831042674278,283
18.8619161725816,24.0012780385748,-4.16151885564438,25.9119349806905,-34.7024853965462,284
17.3794933595599,21.6581076010041,-3.77803531963813,22.362690106056,-35.8256582837655,285
15.1888290643869,21.1081635584754,-2.77549950031708,23.1825873171654,-38.2232899166136,286
14.679186945923,23.1318800130182,-1.76058793004348,22.9644919673391,-41.9028555430235,287
14.3333358260551,23.0223144883635,-0.417120901964929,23.6932397675231,-40.9055206719112,288
11.203879831598,20.6888395715195,2.25465942742631,21.4828877378338,-39.5025015393635,289
10.5071474090754,18.6163316049759,5.59856920629893,23.6600895402542,-33.7501308778677,290
8.25709394145768,17.0564298022638,7.00466797692052,23.571495138535,-31.0204879103186,291
6.17977186672905,20.1110233222464,8.81375786813532,27.3413267862536,-26.14793455925,292
4.2191024841354,20.8760700989454,7.11700663659242,26.9113646985299,-28.3762495864744,293
3.60769069021081,20.8801137577811,7.81785470183752,30.3104476435971,-27.561108339077,294
2.42425057970804,17.6866519411013,7.05709052808507,25.7671396561,-31.1836768403856,295
2.5041485719475,18.1173117662116,6.01615130215096,17.2922577765337,-31.7232960247182,296
4.04857768448194,18.3419099359833,1.80308621020376,15.2530093241564,-34.1925992082069,297
5.8006981729615,17.4596030615231,1.08344556799056,14.042271275124,-35.1904011144241,298
6.08643949266914,15.769748548892,-1.67318727456908,15.6595732663545,-35.4896973358981,299
6.00434150266234,14.6046444207423,-4.26712251307254,12.0644713245238,-38.2390063295798,300
8.14285124124611,16.4229789549177,-5.35585074496293,11.3625744445172,-40.3165119221554,301
9.68714978425903,17.8168707349047,-7.49439006293035,6.74918846579963,-44.5445363913334,302
11.1095194071168,14.7962863156827,-9.28049187588231,4.52263402598665,-45.6161847980308,303
11.0412745079646,14.0642583349312,-9.96672185093595,0.0308637941410413,-48.4999703368438,304
12.3805227325062,13.8978221882595,-9.84861120112163,1.68673023398087,-45.7397713393494,305
8.92629403014929,12.4264500956817,-7.86798670023788,0.0899798534060766,-45.3624749192813,306
7.46582849464487,12.661317043507,-7.18179629187206,3.71840247718619,-41.0318448694629,307
2.44656980711528,10.9343171246929,-4.89476110934663,4.87140865760787,-38.5020328970193,308
-2.0737626708293,8.76307420699042,-2.37133143065604,4.93812770069009,-35.0278197018622,309
-4.32924392732086,7.24639534433393,-0.997438891732895,2.50110987842933,-32.4202925518577,310
-8.62095403164453,6.22958308879594,2.85783605013934,-3.81780898280611,-29.5784324808656,311
-9.10973195724364,7.48840758913957,4.82781423819207,-6.27866661287703,-27.6861143224063,312
-10.8613847788797,6.32274443326012,6.08118305406477,-10.3259373499327,-21.2924574937191,313
-13.3577994848944,5.17276369767264,7.89845226313706,-9.11552543960764,-15.8670563647377,314
-12.5704578249564,10.412196414519,6.70736516254124,-8.21135934435462,-11.0883835811767,315
-12.758277746824,7.92044755398772,6.38802173826745,-6.43201607514665,-5.82161124880264,316
-12.3164452686359,3.40195370426658,6.59588866563025,-8.37158162546276,-0.782121996282449,317
-7.9704424118838,2.93749104464782,4.36554057471023,-4.70924774136985,0.178907162212303,318
-6.55682665605057,-0.509751860618802,2.66914999608988,-6.25552544789421,2.70380756936636,319
-1.2266826315098,-0.570754968475608,-2.73420773509745,-4.68696136846877,5.11743170999741,320
3.7108527644561,-2.3420087733526,-4.00244523966845,-4.76306832505107,7.52862150232725,321
6.55064942506362,-4.05670004057386,-5.64343549546814,-4.7642484836596,6.74879917397547,322
10.7767294569428,-10.6414629292642,-5.95328130909817,-5.42161605005746,9.70148848632669,323
10.0407795741777,-15.2970434120022,-7.93108999123998,-3.47330119261079,13.0405241914735,324
7.24645689253865,-17.1583288937702,-11.5250946547638,0.784709725385971,16.0257022602613,325
8.33671718771633,-17.0684263779043,-13.6674030467941,3.26274308961895,17.4930533514373,326
6.03216311997522,-20.5573061388076,-12.1410577350702,2.57031504778328,21.7598638792146,327
9.3580014301454,-20.1866644772374,-12.1730231843604,3.2569904625198,24.1223405164192,328
11.2601152779098,-17.6816869239962,-11.7917707299912,5.24039344414022,23.2086770559444,329
13.7112390581009,-14.7614341745016,-12.3343256760124,3.56347346491638,24.3897776087991,330
18.3491755986749,-12.2921485568084,-10.3325343224669,9.4014721386942,25.0156309276569,331
20.6132351863688,-13.353749515529,-8.38902368171878,9.65068584638562,23.2419942577384,332
20.252167111906,-11.1896755930747,-6.180509808979,12.1520516328324,21.5352190504492,333
19.8680798059063,-7.44901268042195,-5.82240651596191,14.7078438926614,21.8441269330415,334
19.4614256220841,-3.24387566544862,-4.56595205997504,17.4854348216715,18.4258167211241,335
20.3946048103455,-3.28806012669754,-2.04093838311544,18.1435004675208,17.785957353138,336
22.9911830834648,-0.311826023608592,2.77612240897495,22.2284182212778,16.9714621553761,337
22.7840485154852,-3.1289116015757,6.20506720521694,24.5863753730882,18.9757413273147,338
23.5987215486988,-2.12450788495312,7.90636689863763,24.2028845522775,15.7972099298826,339
23.7336398247265,-3.56804195825588,9.74240743620428,25.4266239292624,12.6444991990689,340
19.9476512748557,-2.59094541830149,13.1891683870347,29.7035057950513,10.8363399523748,341
16.1920216883323,-5.34670838098824,12.5156341563356,28.0241673570304,11.6088489142823,342
13.7161287271297,-5.46907606629452,13.696965948288,23.8679134531115,9.14014982576664,343
10.4519697837947,-3.9119579226508,17.17984613896,24.9183216973637,9.33565374443299,344
8.71745056883995,-4.60886101982033,17.5304377020444,22.858243319635,9.57218244328656,345
7.61471198254055,-5.00471952898225,16.728691943018,20.4495633039261,12.7140541270601,346
6.52679679747156,-4.52531607201384,13.6845759572371,18.923230021137,14.7692023400865,347
5.81648176082835,-2.08666199710287,11.8890999976445,15.6362789986679,13.7755461450711,348
3.75538292402463,-2.63807653206575,9.10880459680535,8.41166162486083,14.2841926495886,349
4.2336811398046,3.3813049470193,6.47060214957759,3.94676561290382,13.7047522751087,350
4.34585874795308,4.56786235430576,3.74075245325993,-1.66980968744114,11.0715342955415,351
4.4447525801244,5.65167877589289,3.66990009332667,-11.9693116214626,12.0672091024263,352
3.81323391788188,8.93588796518905,-0.990237411374973,-23.0102207105767,15.3807161245542,353
4.24119820616329,8.96207421063733,0.210874588087891,-29.4405993034834,15.4724510775617,354
4.27328528686014,10.1234156240449,0.0283669644558429,-35.4650880685388,15.8755933292131,355
4.63912105811848,10.2538104808911,-2.92478194123073,-45.1970068692908,14.3577502176551,356
6.38949244007933,11.3818793954339,-4.46123096284652,-51.7326128816065,14.5518158485074,357
6.25879604835086,10.2048838551709,-3.22350397098178,-54.1734497582998,13.2744488261568,358
8.24212552682302,11.5279667017331,-2.27672811166288,-53.5330112143525,13.5318196406387,359
8.8675757339582,12.5170910183282,-1.07820152026339,-52.703212557653,16.3343158425691,360
10.215325748425,17.1171197612975,-2.76196718075699,-53.9887914941207,13.6803536382366,361
11.4990007019215,15.3906253954362,-2.76906980241118,-52.5157726073287,14.105571176572,362
13.4363709823433,13.498581749791,-2.42909723045611,-48.2126417688752,15.1675616781991,363
14.1552858925885,12.2594086604156,-0.333850823874537,-41.0011804004126,19.9067728042625,364
19.0392858693466,10.5510473422448,3.31977147137303,-36.7689758603435,20.2224398842593,365
20.4540379785205,10.8989299220472,5.87661049395776,-31.1740604190483,20.8396007895924,366
20.8015412386548,12.1521108406339,4.44917529684295,-21.0322104971406,21.8228297885275,367
22.1333229050125,12.5421231158263,7.19379201648268,-8.81503551097196,22.2541760292477,368
21.5346154067402,10.5192318941809,9.83876403441283,1.76419276378314,22.6475054999019,369
21.5131555908362,11.8716916554635,9.78740544851473,2.42752382249627,22.6297357170406,370
19.465454683117,12.3671976354872,10.1151682278395,5.78789788837277,21.033136173609,371
20.4614566674589,11.4708634218073,8.71390340449001,12.5693732177457,16.8940793732916,372
20.0829151083977,9.19251686038598,11.608310360804,17.2401928725457,18.7056761327616,373
19.4565982909255,10.8793420078605,14.565906393738,22.0719220375809,13.9083867153507,374
15.9069302730848,11.549118911817,16.1035952523674,21.9695877817583,10.4335040716922,375
13.6960780589236,11.8275341815069,16.0631199027823,26.0757688117464,0.312725189448639,376
11.0228219980535,10.1271058977397,12.0187442340862,32.2617364781232,-4.93301119029377,377
7.32412888833646,8.23879123487709,11.1783985620939,33.4059730455445,-6.80746908909787,378
2.08538007078274,7.90053206924248,10.1096534068697,28.6021509070305,-9.58951917462424,379
-5.96187029249691,7.23716039703086,8.83481782878579,23.8567715580877,-8.60575961809693,380
-11.2529301548761,6.1877013097434,5.83077510806778,14.031925128018,-8.55642393011048,381
-14.7298220887687,2.8418061927582,3.44283415086133,15.8898805312141,-7.38342650436317,382
-21.3727929776867,-1.42429758991499,-0.0370545523966518,9.33768111503757,-6.22770155941815,383
-31.648314700768,-6.37239868691332,-4.15275246466408,3.65726400115519,-2.1466759530248,384
-42.3735404527002,-5.90303654063159,-14.3619063799609,2.47171527724188,2.9244176969891,385
-54.6730621783457,-9.32946757403876,-25.4871598927665,2.6252516849654,14.7995688959462,386
-61.9343629433956,-7.79660440806028,-38.9766919381429,1.3140419109525,21.8112922065951,387
-71.9240754594503,-5.49606017445034,-58.0015008506046,-0.0956914769326663,28.8669967511695,388
-78.4122304458058,-5.15000363552789,-72.0033386742433,0.204680436946532,30.6751300770031,389
-82.86790269952,-3.04968920273267,-82.5239365824987,5.04615219541341,32.9364004177514,390
-86.1512828596833,-4.53084001329016,-86.0697835543982,6.30687170449055,35.4460058293855,391
-84.0526075615629,-5.76060801729598,-90.5555621551425,11.8492924582113,33.7373461537542,392
-81.5655275768472,-7.05707906966214,-95.3893990149627,19.508004372065,34.4177130281823,393
-79.6193712905245,-4.62192797149007,-98.1206785824521,21.0343501856099,33.0469577607445,394
-73.8657199927233,-1.45863151442707,-99.1679738965315,26.3790913439975,31.917892584853,395
-65.4413218280363,3.50749557535344,-100.392490687623,33.3876257996769,29.042065965931,396
-56.0885710538608,5.55830973324024,-97.037648907966,35.1779139026595,24.5657343926296,397
-44.8779245428735,9.96696175449848,-92.4583506040662,37.1361438209966,15.8610915797291,398
-34.5039354107492,12.297989635538,-85.5585122828463,39.6589793851614,6.53186229408109,399
-23.3887816330188,12.7565724429308,-74.6693728770257,40.4592681569999,1.24940472932915,400
-15.0396252064895,14.9110121361233,-62.4179241072678,39.3190321245424,-0.859334525453174,401
-4.26284351058204,15.0189957958679,-57.5484421896114,38.6145310040237,-3.32437637189786,402
5.98168099037835,15.6943065503258,-53.9218140928223,41.634271176447,-2.49514289305211,403
10.9906149407586,18.8496633795103,-54.8342107731069,45.9986377986066,-2.0003980066444,404
13.4155676404455,23.3843382018741,-50.441547138035,49.6506078131267,-1.81023917852092,405
16.7533368246921,24.6333849286111,-45.830169834803,53.1421680430025,-3.61992390314337,406
17.5615843525437,26.0374463136967,-43.107389781536,49.4263079036247,-5.4970374979642,407
17.6945106856124,23.7818226266075,-38.693276429487,45.6838969718592,-5.7986267693306,408
17.9677157676326,21.6887319732545,-36.512317243592,45.0778643458994,-4.51878985953119,409
19.7721556916102,20.0861284972361,-31.3184882520089,43.9030937170102,-0.10377822180527,410
20.9363542334256,18.6503201809763,-26.2591973341032,45.5149380962784,2.23548791561467,411
22.1105604492253,16.8819198155659,-24.7705449279111,42.5132625676687,0.706085539592732,412
26.6277120335883,15.4132142404076,-24.6277910016167,42.3209411608843,-0.443302302565285,413
29.0966286336194,14.6874769203179,-19.6309953029957,37.1966655617729,-1.4513719738719,414
27.4409822740774,16.6563375203802,-18.2442673707699,33.9561569889776,-3.86560858015977,415
28.1586829566388,15.3471503036603,-13.91611554312,29.0933716748542,-5.44113840570271,416
29.6740576713062,14.7489984716971,-13.7722479413848,25.997586252854,-6.98325639380715,417
29.3413984669519,13.0396913081927,-13.7702517699397,22.6262497256583,-9.30830687175807,418
27.3263861046902,11.6731729887311,-13.2556546737761,23.3726719821601,-8.43794975887615,419
27.32921939495,12.4960126586666,-13.2009615346828,22.2701169842208,-12.7843553047623,420
26.5036204136177,13.8726251292101,-10.3030939159716,22.466155251719,-13.0309107042333,421
24.2007390024867,16.3134073153291,-12.4285135148012,22.5305089136266,-14.8731998358552,422
21.8882905593895,15.458349899617,-14.0239372028406,17.9074298653338,-15.5904893158034,423
19.6554520643945,17.7139461212017,-13.0637440834771,15.6627455921892,-17.7380753981199,424
14.5457370665749,16.9850753050345,-10.8787359916529,10.5445538793726,-18.3544450234927,425
10.5115970086857,16.7838983234673,-9.26513264512899,6.81624996003369,-16.7142824486786,426
8.80605523734103,12.2717819941722,-7.055381283885,5.01798176557012,-14.1797419281739,427
4.95596341629989,10.7771601907657,-5.59418268315294,1.84336262538491,-17.1661033769425,428
2.80873376431077,9.42622329799073,-3.67586899728132,1.489781699227,-15.6846721696479,429
-1.1198110787805,8.09732191631727,-0.984264554320606,-0.749662217629463,-14.7727551128292,430
-3.03506252219655,9.01891867497708,0.750616343246878,-2.68759741796073,-14.0679161645429,431
-6.6137784516589,7.80618977226278,1.43581215756595,-6.36864186492743,-11.3046744074262,432
-11.5687034616251,5.90171402766529,1.45164071995574,-6.0931262738987,-4.9061498532757,433
-17.134768830636,5.7078716751186,5.71331286919829,-3.50227791910129,0.723638011228191,434
-23.2951201963061,5.67912768480566,8.55421547973358,-2.10044192257676,3.72141990153356,435
-30.8008001391982,2.63772787039875,11.9031604154851,-1.07777703966783,9.32864727013827,436
-34.9442799533667,5.05967948501762,15.0233851265757,3.6226885631043,14.8862560262121,437
-39.7352785449177,3.3821598436353,16.9488219248214,13.0861592185083,18.8590439430233,438
-41.7244118327157,4.32674694765627,17.1012968534833,16.3145629756301,22.1495710905195,439
-46.6588809837609,6.15877603664974,17.0465029985584,14.5497267290564,26.8193885261291,440
-49.9784715452731,7.74243313881781,19.3122015064121,9.70597923371744,28.7737839482002,441
-48.979526844446,9.53731216372032,17.9326898357863,11.7296767125223,33.1896147337072,442
-48.3433952405765,4.47979124399694,16.7237514581056,13.075324902494,34.7738150046771,443
-46.6250653578283,6.61588797731304,17.552272845744,19.2719764125805,36.6286892425019,444
-45.3997125864232,12.406895091861,16.9176287488853,20.6294728018738,33.7166187345139,445
-43.6992530197809,10.82129358084,15.1287460826923,21.5169207228361,32.4293905681392,446
-37.6298444575575,8.05687407356985,14.9733944849138,23.7720905644697,30.0890746587023,447
-29.6754132356486,11.033946669204,12.8197935399547,24.2978875952654,27.973850370677,448
-22.0690841098248,8.20732351096479,9.53418340122274,22.6155027901102,25.2592928870461,449
-13.2697658587852,11.239212169534,5.38025037451226,22.4343616628727,24.0094026932863,450
-7.45932878081261,12.060051144593,2.54924544822009,22.4582924495567,21.0052533636304,451
4.94464657481205,8.88896534495439,-1.01695686934132,26.9551661106844,22.5263439617579,452
13.5255636240241,5.90984564978227,-4.86473738407899,27.4094174202784,21.6832654553054,453
17.7041697865673,5.76548162142898,-7.57755819860639,26.9022682238623,18.3601377687148,454
22.0898609740176,9.80278575203337,-8.40366392121639,25.8792462535106,15.9769043819342,455
26.8414811406152,10.6130745675413,-9.7941707943625,24.0494505703543,12.4116477835335,456
31.204200444493,8.3001109192594,-11.2897994016518,21.5775118597767,8.5566413573901,457
35.2200974581282,9.31617802131928,-11.8338012165575,23.4341404298118,6.21803497608419,458
37.3675313467932,11.6064462799719,-17.5440995159986,25.7554955007925,2.55976135388909,459
37.9741569219549,10.3802303513987,-26.0223255476594,28.7583153734124,-2.94183083516481,460
38.8902363966408,13.5239818976213,-25.6051136197081,28.0629588156155,-5.04067816791608,461
36.9199921758772,11.6903860725241,-21.9347496163544,30.8046808520872,-11.2511712600351,462
35.0731103717356,11.9880432619584,-20.0891125207586,34.3113178174226,-13.5715183427349,463
32.1385422943495,14.972984067935,-18.9957976620138,37.4338209368421,-17.4115231200201,464
30.9611250098047,17.1518346663912,-17.5873692758119,37.4119348631312,-20.3651944554284,465
28.9287937331304,16.3314987251402,-15.2974952150542,40.8419909693876,-20.3557564293828,466
27.2295388905011,15.7258226285088,-12.7236215220008,43.1308394536036,-20.3094819207693,467
25.9712626563107,11.0661142194588,-9.58611794853802,42.9534319717605,-18.8150701594132,468
24.0460641855925,13.5035848090979,-8.29793543437328,40.4490219318513,-10.2242231163983,469
20.4491879250015,13.7277320459597,-5.76822386620595,39.5763083442088,-9.40021311523219,470
15.8925515193485,12.4850945285874,-1.92183418543696,39.749527121075,-1.56797858145975,471
12.9240772440377,11.7437496599875,6.89324032455178,40.2256634222557,6.52116565070767,472
9.29121972393639,9.24560841365714,11.0955233042947,37.7397949371774,9.78903043417602,473
6.91470463669474,10.2256585787802,9.64815084672113,31.9126982812484,14.5043693621675,474
5.92007995432078,11.5356000301671,10.1091041600664,27.9790715447748,15.095891884043,475
5.61587336601759,10.771229954045,12.5263265654594,29.1052317166843,19.6661810328019,476
2.54457714779524,10.212322349577,13.1044122039059,31.4905340352217,20.8942056288219,477
2.26883266734612,10.6702440263114,12.4405450778123,25.6150526263696,22.0594598043024,478
3.00324148873947,9.88525351881096,11.2708334341692,23.1921607786281,24.0673116143685,479
1.64456637056562,12.6254402499497,9.89547297164435,23.0917320793647,25.2982405913552,480
-1.05396438985948,9.96457414086272,9.63253522419305,24.4548592137387,23.8777614565337,481
